店家名稱,錯誤訊息
迷客夏 Milksha(台北北醫店),找不到店家
STARBUCKS 星巴克(信義經貿門市),"Message: script timeout
  (Session info: chrome=132.0.6834.160)
Stacktrace:
	GetHandleVerifier [0x00007FF76F0302F5+28725]
	(No symbol) [0x00007FF76EF92AE0]
	(No symbol) [0x00007FF76EE24F39]
	(No symbol) [0x00007FF76EEC1496]
	(No symbol) [0x00007FF76EE9FFAA]
	(No symbol) [0x00007FF76EEC0181]
	(No symbol) [0x00007FF76EE9FD53]
	(No symbol) [0x00007FF76EE6A0E3]
	(No symbol) [0x00007FF76EE6B471]
	GetHandleVerifier [0x00007FF76F35F30D+3366989]
	GetHandleVerifier [0x00007FF76F3712F0+3440688]
	GetHandleVerifier [0x00007FF76F3678FD+3401277]
	GetHandleVerifier [0x00007FF76F0FAAAB+858091]
	(No symbol) [0x00007FF76EF9E74F]
	(No symbol) [0x00007FF76EF9A304]
	(No symbol) [0x00007FF76EF9A49D]
	(No symbol) [0x00007FF76EF88B69]
	BaseThreadInitThunk [0x00007FFDCBD7E8D7+23]
	RtlUserThreadStart [0x00007FFDCCFFFBCC+44]
"
珍煮丹(台北北醫店),"Message: 
Stacktrace:
	GetHandleVerifier [0x00007FF76F0302F5+28725]
	(No symbol) [0x00007FF76EF92AE0]
	(No symbol) [0x00007FF76EE2510A]
	(No symbol) [0x00007FF76EE793D2]
	(No symbol) [0x00007FF76EE795FC]
	(No symbol) [0x00007FF76EEC3407]
	(No symbol) [0x00007FF76EE9FFEF]
	(No symbol) [0x00007FF76EEC0181]
	(No symbol) [0x00007FF76EE9FD53]
	(No symbol) [0x00007FF76EE6A0E3]
	(No symbol) [0x00007FF76EE6B471]
	GetHandleVerifier [0x00007FF76F35F30D+3366989]
	GetHandleVerifier [0x00007FF76F3712F0+3440688]
	GetHandleVerifier [0x00007FF76F3678FD+3401277]
	GetHandleVerifier [0x00007FF76F0FAAAB+858091]
	(No symbol) [0x00007FF76EF9E74F]
	(No symbol) [0x00007FF76EF9A304]
	(No symbol) [0x00007FF76EF9A49D]
	(No symbol) [0x00007FF76EF88B69]
	BaseThreadInitThunk [0x00007FFDCBD7E8D7+23]
	RtlUserThreadStart [0x00007FFDCCFFFBCC+44]
"
CoCo都可(台北吳興店),"Message: 
Stacktrace:
	GetHandleVerifier [0x00007FF76F0302F5+28725]
	(No symbol) [0x00007FF76EF92AE0]
	(No symbol) [0x00007FF76EE2510A]
	(No symbol) [0x00007FF76EE793D2]
	(No symbol) [0x00007FF76EE795FC]
	(No symbol) [0x00007FF76EEC3407]
	(No symbol) [0x00007FF76EE9FFEF]
	(No symbol) [0x00007FF76EEC0181]
	(No symbol) [0x00007FF76EE9FD53]
	(No symbol) [0x00007FF76EE6A0E3]
	(No symbol) [0x00007FF76EE6B471]
	GetHandleVerifier [0x00007FF76F35F30D+3366989]
	GetHandleVerifier [0x00007FF76F3712F0+3440688]
	GetHandleVerifier [0x00007FF76F3678FD+3401277]
	GetHandleVerifier [0x00007FF76F0FAAAB+858091]
	(No symbol) [0x00007FF76EF9E74F]
	(No symbol) [0x00007FF76EF9A304]
	(No symbol) [0x00007FF76EF9A49D]
	(No symbol) [0x00007FF76EF88B69]
	BaseThreadInitThunk [0x00007FFDCBD7E8D7+23]
	RtlUserThreadStart [0x00007FFDCCFFFBCC+44]
"
武林茶(台北永吉店),"Message: 
Stacktrace:
	GetHandleVerifier [0x00007FF76F0302F5+28725]
	(No symbol) [0x00007FF76EF92AE0]
	(No symbol) [0x00007FF76EE2510A]
	(No symbol) [0x00007FF76EE793D2]
	(No symbol) [0x00007FF76EE795FC]
	(No symbol) [0x00007FF76EEC3407]
	(No symbol) [0x00007FF76EE9FFEF]
	(No symbol) [0x00007FF76EEC0181]
	(No symbol) [0x00007FF76EE9FD53]
	(No symbol) [0x00007FF76EE6A0E3]
	(No symbol) [0x00007FF76EE6B471]
	GetHandleVerifier [0x00007FF76F35F30D+3366989]
	GetHandleVerifier [0x00007FF76F3712F0+3440688]
	GetHandleVerifier [0x00007FF76F3678FD+3401277]
	GetHandleVerifier [0x00007FF76F0FAAAB+858091]
	(No symbol) [0x00007FF76EF9E74F]
	(No symbol) [0x00007FF76EF9A304]
	(No symbol) [0x00007FF76EF9A49D]
	(No symbol) [0x00007FF76EF88B69]
	BaseThreadInitThunk [0x00007FFDCBD7E8D7+23]
	RtlUserThreadStart [0x00007FFDCCFFFBCC+44]
"
拌麵 • 霏等茶,"Message: 
Stacktrace:
	GetHandleVerifier [0x00007FF76F0302F5+28725]
	(No symbol) [0x00007FF76EF92AE0]
	(No symbol) [0x00007FF76EE2510A]
	(No symbol) [0x00007FF76EE793D2]
	(No symbol) [0x00007FF76EE795FC]
	(No symbol) [0x00007FF76EEC3407]
	(No symbol) [0x00007FF76EE9FFEF]
	(No symbol) [0x00007FF76EEC0181]
	(No symbol) [0x00007FF76EE9FD53]
	(No symbol) [0x00007FF76EE6A0E3]
	(No symbol) [0x00007FF76EE6B471]
	GetHandleVerifier [0x00007FF76F35F30D+3366989]
	GetHandleVerifier [0x00007FF76F3712F0+3440688]
	GetHandleVerifier [0x00007FF76F3678FD+3401277]
	GetHandleVerifier [0x00007FF76F0FAAAB+858091]
	(No symbol) [0x00007FF76EF9E74F]
	(No symbol) [0x00007FF76EF9A304]
	(No symbol) [0x00007FF76EF9A49D]
	(No symbol) [0x00007FF76EF88B69]
	BaseThreadInitThunk [0x00007FFDCBD7E8D7+23]
	RtlUserThreadStart [0x00007FFDCCFFFBCC+44]
"
鬍子茶 Who's tea(ATT 4 FUN),"Message: 
Stacktrace:
	GetHandleVerifier [0x00007FF76F0302F5+28725]
	(No symbol) [0x00007FF76EF92AE0]
	(No symbol) [0x00007FF76EE2510A]
	(No symbol) [0x00007FF76EE793D2]
	(No symbol) [0x00007FF76EE795FC]
	(No symbol) [0x00007FF76EEC3407]
	(No symbol) [0x00007FF76EE9FFEF]
	(No symbol) [0x00007FF76EEC0181]
	(No symbol) [0x00007FF76EE9FD53]
	(No symbol) [0x00007FF76EE6A0E3]
	(No symbol) [0x00007FF76EE6B471]
	GetHandleVerifier [0x00007FF76F35F30D+3366989]
	GetHandleVerifier [0x00007FF76F3712F0+3440688]
	GetHandleVerifier [0x00007FF76F3678FD+3401277]
	GetHandleVerifier [0x00007FF76F0FAAAB+858091]
	(No symbol) [0x00007FF76EF9E74F]
	(No symbol) [0x00007FF76EF9A304]
	(No symbol) [0x00007FF76EF9A49D]
	(No symbol) [0x00007FF76EF88B69]
	BaseThreadInitThunk [0x00007FFDCBD7E8D7+23]
	RtlUserThreadStart [0x00007FFDCCFFFBCC+44]
"
再睡5分鐘(台北吳興店),Cannot save file into a non-existent directory: 'csv'
天仁CHAFFEE(微風南山Ⓟ),Cannot save file into a non-existent directory: 'csv'
拌麵 • 霏等茶,Cannot save file into a non-existent directory: 'csv'
樂法(台北市府店),Cannot save file into a non-existent directory: 'csv'
得正 OOLONG TEA PROJECT(台北世貿計劃),"Message: 
Stacktrace:
	GetHandleVerifier [0x00007FF76F0302F5+28725]
	(No symbol) [0x00007FF76EF92AE0]
	(No symbol) [0x00007FF76EE2510A]
	(No symbol) [0x00007FF76EE793D2]
	(No symbol) [0x00007FF76EE795FC]
	(No symbol) [0x00007FF76EEC3407]
	(No symbol) [0x00007FF76EE9FFEF]
	(No symbol) [0x00007FF76EEC0181]
	(No symbol) [0x00007FF76EE9FD53]
	(No symbol) [0x00007FF76EE6A0E3]
	(No symbol) [0x00007FF76EE6B471]
	GetHandleVerifier [0x00007FF76F35F30D+3366989]
	GetHandleVerifier [0x00007FF76F3712F0+3440688]
	GetHandleVerifier [0x00007FF76F3678FD+3401277]
	GetHandleVerifier [0x00007FF76F0FAAAB+858091]
	(No symbol) [0x00007FF76EF9E74F]
	(No symbol) [0x00007FF76EF9A304]
	(No symbol) [0x00007FF76EF9A49D]
	(No symbol) [0x00007FF76EF88B69]
	BaseThreadInitThunk [0x00007FFDCBD7E8D7+23]
	RtlUserThreadStart [0x00007FFDCCFFFBCC+44]
"
迷客夏 Milksha(台北北醫店),Cannot save file into a non-existent directory: 'csv'
Chatime(信義威秀店),"Message: 
Stacktrace:
	GetHandleVerifier [0x00007FF76F0302F5+28725]
	(No symbol) [0x00007FF76EF92AE0]
	(No symbol) [0x00007FF76EE2510A]
	(No symbol) [0x00007FF76EE793D2]
	(No symbol) [0x00007FF76EE795FC]
	(No symbol) [0x00007FF76EEC3407]
	(No symbol) [0x00007FF76EE9FFEF]
	(No symbol) [0x00007FF76EEC0181]
	(No symbol) [0x00007FF76EE9FD53]
	(No symbol) [0x00007FF76EE6A0E3]
	(No symbol) [0x00007FF76EE6B471]
	GetHandleVerifier [0x00007FF76F35F30D+3366989]
	GetHandleVerifier [0x00007FF76F3712F0+3440688]
	GetHandleVerifier [0x00007FF76F3678FD+3401277]
	GetHandleVerifier [0x00007FF76F0FAAAB+858091]
	(No symbol) [0x00007FF76EF9E74F]
	(No symbol) [0x00007FF76EF9A304]
	(No symbol) [0x00007FF76EF9A49D]
	(No symbol) [0x00007FF76EF88B69]
	BaseThreadInitThunk [0x00007FFDCBD7E8D7+23]
	RtlUserThreadStart [0x00007FFDCCFFFBCC+44]
"
享想(忠孝SOGO店),"Message: 
Stacktrace:
	GetHandleVerifier [0x00007FF76F0302F5+28725]
	(No symbol) [0x00007FF76EF92AE0]
	(No symbol) [0x00007FF76EE2510A]
	(No symbol) [0x00007FF76EE793D2]
	(No symbol) [0x00007FF76EE795FC]
	(No symbol) [0x00007FF76EEC3407]
	(No symbol) [0x00007FF76EE9FFEF]
	(No symbol) [0x00007FF76EEC0181]
	(No symbol) [0x00007FF76EE9FD53]
	(No symbol) [0x00007FF76EE6A0E3]
	(No symbol) [0x00007FF76EE6B471]
	GetHandleVerifier [0x00007FF76F35F30D+3366989]
	GetHandleVerifier [0x00007FF76F3712F0+3440688]
	GetHandleVerifier [0x00007FF76F3678FD+3401277]
	GetHandleVerifier [0x00007FF76F0FAAAB+858091]
	(No symbol) [0x00007FF76EF9E74F]
	(No symbol) [0x00007FF76EF9A304]
	(No symbol) [0x00007FF76EF9A49D]
	(No symbol) [0x00007FF76EF88B69]
	BaseThreadInitThunk [0x00007FFDCBD7E8D7+23]
	RtlUserThreadStart [0x00007FFDCCFFFBCC+44]
"
黑沃咖啡(大安和平店),"Message: 
Stacktrace:
	GetHandleVerifier [0x00007FF76F0302F5+28725]
	(No symbol) [0x00007FF76EF92AE0]
	(No symbol) [0x00007FF76EE2510A]
	(No symbol) [0x00007FF76EE793D2]
	(No symbol) [0x00007FF76EE795FC]
	(No symbol) [0x00007FF76EEC3407]
	(No symbol) [0x00007FF76EE9FFEF]
	(No symbol) [0x00007FF76EEC0181]
	(No symbol) [0x00007FF76EE9FD53]
	(No symbol) [0x00007FF76EE6A0E3]
	(No symbol) [0x00007FF76EE6B471]
	GetHandleVerifier [0x00007FF76F35F30D+3366989]
	GetHandleVerifier [0x00007FF76F3712F0+3440688]
	GetHandleVerifier [0x00007FF76F3678FD+3401277]
	GetHandleVerifier [0x00007FF76F0FAAAB+858091]
	(No symbol) [0x00007FF76EF9E74F]
	(No symbol) [0x00007FF76EF9A304]
	(No symbol) [0x00007FF76EF9A49D]
	(No symbol) [0x00007FF76EF88B69]
	BaseThreadInitThunk [0x00007FFDCBD7E8D7+23]
	RtlUserThreadStart [0x00007FFDCCFFFBCC+44]
"
彩虹殿-黑白木耳養生概念飲,Cannot save file into a non-existent directory: 'csv'
江山野放茶JiangTea-和平茶庭,"Message: 
Stacktrace:
	GetHandleVerifier [0x00007FF76F0302F5+28725]
	(No symbol) [0x00007FF76EF92AE0]
	(No symbol) [0x00007FF76EE2510A]
	(No symbol) [0x00007FF76EE793D2]
	(No symbol) [0x00007FF76EE795FC]
	(No symbol) [0x00007FF76EEC3407]
	(No symbol) [0x00007FF76EE9FFEF]
	(No symbol) [0x00007FF76EEC0181]
	(No symbol) [0x00007FF76EE9FD53]
	(No symbol) [0x00007FF76EE6A0E3]
	(No symbol) [0x00007FF76EE6B471]
	GetHandleVerifier [0x00007FF76F35F30D+3366989]
	GetHandleVerifier [0x00007FF76F3712F0+3440688]
	GetHandleVerifier [0x00007FF76F3678FD+3401277]
	GetHandleVerifier [0x00007FF76F0FAAAB+858091]
	(No symbol) [0x00007FF76EF9E74F]
	(No symbol) [0x00007FF76EF9A304]
	(No symbol) [0x00007FF76EF9A49D]
	(No symbol) [0x00007FF76EF88B69]
	BaseThreadInitThunk [0x00007FFDCBD7E8D7+23]
	RtlUserThreadStart [0x00007FFDCCFFFBCC+44]
"
奉茶,Cannot save file into a non-existent directory: 'csv'
TEATOP第一味(台北延吉店),"Message: 
Stacktrace:
	GetHandleVerifier [0x00007FF76F0302F5+28725]
	(No symbol) [0x00007FF76EF92AE0]
	(No symbol) [0x00007FF76EE2510A]
	(No symbol) [0x00007FF76EE793D2]
	(No symbol) [0x00007FF76EE795FC]
	(No symbol) [0x00007FF76EEC3407]
	(No symbol) [0x00007FF76EE9FFEF]
	(No symbol) [0x00007FF76EEC0181]
	(No symbol) [0x00007FF76EE9FD53]
	(No symbol) [0x00007FF76EE6A0E3]
	(No symbol) [0x00007FF76EE6B471]
	GetHandleVerifier [0x00007FF76F35F30D+3366989]
	GetHandleVerifier [0x00007FF76F3712F0+3440688]
	GetHandleVerifier [0x00007FF76F3678FD+3401277]
	GetHandleVerifier [0x00007FF76F0FAAAB+858091]
	(No symbol) [0x00007FF76EF9E74F]
	(No symbol) [0x00007FF76EF9A304]
	(No symbol) [0x00007FF76EF9A49D]
	(No symbol) [0x00007FF76EF88B69]
	BaseThreadInitThunk [0x00007FFDCBD7E8D7+23]
	RtlUserThreadStart [0x00007FFDCCFFFBCC+44]
"
cama café(仁愛明曜店),"Message: 
Stacktrace:
	GetHandleVerifier [0x00007FF76F0302F5+28725]
	(No symbol) [0x00007FF76EF92AE0]
	(No symbol) [0x00007FF76EE2510A]
	(No symbol) [0x00007FF76EE793D2]
	(No symbol) [0x00007FF76EE795FC]
	(No symbol) [0x00007FF76EEC3407]
	(No symbol) [0x00007FF76EE9FFEF]
	(No symbol) [0x00007FF76EEC0181]
	(No symbol) [0x00007FF76EE9FD53]
	(No symbol) [0x00007FF76EE6A0E3]
	(No symbol) [0x00007FF76EE6B471]
	GetHandleVerifier [0x00007FF76F35F30D+3366989]
	GetHandleVerifier [0x00007FF76F3712F0+3440688]
	GetHandleVerifier [0x00007FF76F3678FD+3401277]
	GetHandleVerifier [0x00007FF76F0FAAAB+858091]
	(No symbol) [0x00007FF76EF9E74F]
	(No symbol) [0x00007FF76EF9A304]
	(No symbol) [0x00007FF76EF9A49D]
	(No symbol) [0x00007FF76EF88B69]
	BaseThreadInitThunk [0x00007FFDCBD7E8D7+23]
	RtlUserThreadStart [0x00007FFDCCFFFBCC+44]
"
涼水庫紅茶冰(松山饒河店),Cannot save file into a non-existent directory: 'csv'
毛青茶室,Cannot save file into a non-existent directory: 'csv'
無飲(台北永春店),Cannot save file into a non-existent directory: 'csv'
烈奶茶Hugdayday,"Message: 
Stacktrace:
	GetHandleVerifier [0x00007FF76F0302F5+28725]
	(No symbol) [0x00007FF76EF92AE0]
	(No symbol) [0x00007FF76EE2510A]
	(No symbol) [0x00007FF76EE793D2]
	(No symbol) [0x00007FF76EE795FC]
	(No symbol) [0x00007FF76EEC3407]
	(No symbol) [0x00007FF76EE9FFEF]
	(No symbol) [0x00007FF76EEC0181]
	(No symbol) [0x00007FF76EE9FD53]
	(No symbol) [0x00007FF76EE6A0E3]
	(No symbol) [0x00007FF76EE6B471]
	GetHandleVerifier [0x00007FF76F35F30D+3366989]
	GetHandleVerifier [0x00007FF76F3712F0+3440688]
	GetHandleVerifier [0x00007FF76F3678FD+3401277]
	GetHandleVerifier [0x00007FF76F0FAAAB+858091]
	(No symbol) [0x00007FF76EF9E74F]
	(No symbol) [0x00007FF76EF9A304]
	(No symbol) [0x00007FF76EF9A49D]
	(No symbol) [0x00007FF76EF88B69]
	BaseThreadInitThunk [0x00007FFDCBD7E8D7+23]
	RtlUserThreadStart [0x00007FFDCCFFFBCC+44]
"
茶湯會(台北安居店),"Message: 
Stacktrace:
	GetHandleVerifier [0x00007FF76F0302F5+28725]
	(No symbol) [0x00007FF76EF92AE0]
	(No symbol) [0x00007FF76EE2510A]
	(No symbol) [0x00007FF76EE793D2]
	(No symbol) [0x00007FF76EE795FC]
	(No symbol) [0x00007FF76EEC3407]
	(No symbol) [0x00007FF76EE9FFEF]
	(No symbol) [0x00007FF76EEC0181]
	(No symbol) [0x00007FF76EE9FD53]
	(No symbol) [0x00007FF76EE6A0E3]
	(No symbol) [0x00007FF76EE6B471]
	GetHandleVerifier [0x00007FF76F35F30D+3366989]
	GetHandleVerifier [0x00007FF76F3712F0+3440688]
	GetHandleVerifier [0x00007FF76F3678FD+3401277]
	GetHandleVerifier [0x00007FF76F0FAAAB+858091]
	(No symbol) [0x00007FF76EF9E74F]
	(No symbol) [0x00007FF76EF9A304]
	(No symbol) [0x00007FF76EF9A49D]
	(No symbol) [0x00007FF76EF88B69]
	BaseThreadInitThunk [0x00007FFDCBD7E8D7+23]
	RtlUserThreadStart [0x00007FFDCCFFFBCC+44]
"
開心茶事(科技大樓店),"Message: 
Stacktrace:
	GetHandleVerifier [0x00007FF76F0302F5+28725]
	(No symbol) [0x00007FF76EF92AE0]
	(No symbol) [0x00007FF76EE2510A]
	(No symbol) [0x00007FF76EE793D2]
	(No symbol) [0x00007FF76EE795FC]
	(No symbol) [0x00007FF76EEC3407]
	(No symbol) [0x00007FF76EE9FFEF]
	(No symbol) [0x00007FF76EEC0181]
	(No symbol) [0x00007FF76EE9FD53]
	(No symbol) [0x00007FF76EE6A0E3]
	(No symbol) [0x00007FF76EE6B471]
	GetHandleVerifier [0x00007FF76F35F30D+3366989]
	GetHandleVerifier [0x00007FF76F3712F0+3440688]
	GetHandleVerifier [0x00007FF76F3678FD+3401277]
	GetHandleVerifier [0x00007FF76F0FAAAB+858091]
	(No symbol) [0x00007FF76EF9E74F]
	(No symbol) [0x00007FF76EF9A304]
	(No symbol) [0x00007FF76EF9A49D]
	(No symbol) [0x00007FF76EF88B69]
	BaseThreadInitThunk [0x00007FFDCBD7E8D7+23]
	RtlUserThreadStart [0x00007FFDCCFFFBCC+44]
"
有飲(台北通化店),Cannot save file into a non-existent directory: 'csv'
龍角 Dragon Horn(信義松菸店),"Message: 
Stacktrace:
	GetHandleVerifier [0x00007FF76F0302F5+28725]
	(No symbol) [0x00007FF76EF92AE0]
	(No symbol) [0x00007FF76EE2510A]
	(No symbol) [0x00007FF76EE793D2]
	(No symbol) [0x00007FF76EE795FC]
	(No symbol) [0x00007FF76EEC3407]
	(No symbol) [0x00007FF76EE9FFEF]
	(No symbol) [0x00007FF76EEC0181]
	(No symbol) [0x00007FF76EE9FD53]
	(No symbol) [0x00007FF76EE6A0E3]
	(No symbol) [0x00007FF76EE6B471]
	GetHandleVerifier [0x00007FF76F35F30D+3366989]
	GetHandleVerifier [0x00007FF76F3712F0+3440688]
	GetHandleVerifier [0x00007FF76F3678FD+3401277]
	GetHandleVerifier [0x00007FF76F0FAAAB+858091]
	(No symbol) [0x00007FF76EF9E74F]
	(No symbol) [0x00007FF76EF9A304]
	(No symbol) [0x00007FF76EF9A49D]
	(No symbol) [0x00007FF76EF88B69]
	BaseThreadInitThunk [0x00007FFDCBD7E8D7+23]
	RtlUserThreadStart [0x00007FFDCCFFFBCC+44]
"
一帖茶方,"Message: 
Stacktrace:
	GetHandleVerifier [0x00007FF76F0302F5+28725]
	(No symbol) [0x00007FF76EF92AE0]
	(No symbol) [0x00007FF76EE2510A]
	(No symbol) [0x00007FF76EE793D2]
	(No symbol) [0x00007FF76EE795FC]
	(No symbol) [0x00007FF76EEC3407]
	(No symbol) [0x00007FF76EE9FFEF]
	(No symbol) [0x00007FF76EEC0181]
	(No symbol) [0x00007FF76EE9FD53]
	(No symbol) [0x00007FF76EE6A0E3]
	(No symbol) [0x00007FF76EE6B471]
	GetHandleVerifier [0x00007FF76F35F30D+3366989]
	GetHandleVerifier [0x00007FF76F3712F0+3440688]
	GetHandleVerifier [0x00007FF76F3678FD+3401277]
	GetHandleVerifier [0x00007FF76F0FAAAB+858091]
	(No symbol) [0x00007FF76EF9E74F]
	(No symbol) [0x00007FF76EF9A304]
	(No symbol) [0x00007FF76EF9A49D]
	(No symbol) [0x00007FF76EF88B69]
	BaseThreadInitThunk [0x00007FFDCBD7E8D7+23]
	RtlUserThreadStart [0x00007FFDCCFFFBCC+44]
"
李記紅茶冰(台北信義五分埔店),Cannot save file into a non-existent directory: 'csv'
泰讚了泰式手工茶(台北通化店),Cannot save file into a non-existent directory: 'csv'
Mateas(台北永吉店),"Message: 
Stacktrace:
	GetHandleVerifier [0x00007FF76F0302F5+28725]
	(No symbol) [0x00007FF76EF92AE0]
	(No symbol) [0x00007FF76EE2510A]
	(No symbol) [0x00007FF76EE793D2]
	(No symbol) [0x00007FF76EE795FC]
	(No symbol) [0x00007FF76EEC3407]
	(No symbol) [0x00007FF76EE9FFEF]
	(No symbol) [0x00007FF76EEC0181]
	(No symbol) [0x00007FF76EE9FD53]
	(No symbol) [0x00007FF76EE6A0E3]
	(No symbol) [0x00007FF76EE6B471]
	GetHandleVerifier [0x00007FF76F35F30D+3366989]
	GetHandleVerifier [0x00007FF76F3712F0+3440688]
	GetHandleVerifier [0x00007FF76F3678FD+3401277]
	GetHandleVerifier [0x00007FF76F0FAAAB+858091]
	(No symbol) [0x00007FF76EF9E74F]
	(No symbol) [0x00007FF76EF9A304]
	(No symbol) [0x00007FF76EF9A49D]
	(No symbol) [0x00007FF76EF88B69]
	BaseThreadInitThunk [0x00007FFDCBD7E8D7+23]
	RtlUserThreadStart [0x00007FFDCCFFFBCC+44]
"
3% Three percent 手搖飲,"Message: 
Stacktrace:
	GetHandleVerifier [0x00007FF76F0302F5+28725]
	(No symbol) [0x00007FF76EF92AE0]
	(No symbol) [0x00007FF76EE2510A]
	(No symbol) [0x00007FF76EE793D2]
	(No symbol) [0x00007FF76EE795FC]
	(No symbol) [0x00007FF76EEC3407]
	(No symbol) [0x00007FF76EE9FFEF]
	(No symbol) [0x00007FF76EEC0181]
	(No symbol) [0x00007FF76EE9FD53]
	(No symbol) [0x00007FF76EE6A0E3]
	(No symbol) [0x00007FF76EE6B471]
	GetHandleVerifier [0x00007FF76F35F30D+3366989]
	GetHandleVerifier [0x00007FF76F3712F0+3440688]
	GetHandleVerifier [0x00007FF76F3678FD+3401277]
	GetHandleVerifier [0x00007FF76F0FAAAB+858091]
	(No symbol) [0x00007FF76EF9E74F]
	(No symbol) [0x00007FF76EF9A304]
	(No symbol) [0x00007FF76EF9A49D]
	(No symbol) [0x00007FF76EF88B69]
	BaseThreadInitThunk [0x00007FFDCBD7E8D7+23]
	RtlUserThreadStart [0x00007FFDCCFFFBCC+44]
"
Golden蔗家店(台北延吉總店),"Message: 
Stacktrace:
	GetHandleVerifier [0x00007FF76F0302F5+28725]
	(No symbol) [0x00007FF76EF92AE0]
	(No symbol) [0x00007FF76EE2510A]
	(No symbol) [0x00007FF76EE793D2]
	(No symbol) [0x00007FF76EE795FC]
	(No symbol) [0x00007FF76EEC3407]
	(No symbol) [0x00007FF76EE9FFEF]
	(No symbol) [0x00007FF76EEC0181]
	(No symbol) [0x00007FF76EE9FD53]
	(No symbol) [0x00007FF76EE6A0E3]
	(No symbol) [0x00007FF76EE6B471]
	GetHandleVerifier [0x00007FF76F35F30D+3366989]
	GetHandleVerifier [0x00007FF76F3712F0+3440688]
	GetHandleVerifier [0x00007FF76F3678FD+3401277]
	GetHandleVerifier [0x00007FF76F0FAAAB+858091]
	(No symbol) [0x00007FF76EF9E74F]
	(No symbol) [0x00007FF76EF9A304]
	(No symbol) [0x00007FF76EF9A49D]
	(No symbol) [0x00007FF76EF88B69]
	BaseThreadInitThunk [0x00007FFDCBD7E8D7+23]
	RtlUserThreadStart [0x00007FFDCCFFFBCC+44]
"
不要對我尖叫(忠孝復興店),"Message: 
Stacktrace:
	GetHandleVerifier [0x00007FF76F0302F5+28725]
	(No symbol) [0x00007FF76EF92AE0]
	(No symbol) [0x00007FF76EE2510A]
	(No symbol) [0x00007FF76EE793D2]
	(No symbol) [0x00007FF76EE795FC]
	(No symbol) [0x00007FF76EEC3407]
	(No symbol) [0x00007FF76EE9FFEF]
	(No symbol) [0x00007FF76EEC0181]
	(No symbol) [0x00007FF76EE9FD53]
	(No symbol) [0x00007FF76EE6A0E3]
	(No symbol) [0x00007FF76EE6B471]
	GetHandleVerifier [0x00007FF76F35F30D+3366989]
	GetHandleVerifier [0x00007FF76F3712F0+3440688]
	GetHandleVerifier [0x00007FF76F3678FD+3401277]
	GetHandleVerifier [0x00007FF76F0FAAAB+858091]
	(No symbol) [0x00007FF76EF9E74F]
	(No symbol) [0x00007FF76EF9A304]
	(No symbol) [0x00007FF76EF9A49D]
	(No symbol) [0x00007FF76EF88B69]
	BaseThreadInitThunk [0x00007FFDCBD7E8D7+23]
	RtlUserThreadStart [0x00007FFDCCFFFBCC+44]
"
鮮茶道(新莊五工店),"Message: 
Stacktrace:
	GetHandleVerifier [0x00007FF76F0302F5+28725]
	(No symbol) [0x00007FF76EF92AE0]
	(No symbol) [0x00007FF76EE2510A]
	(No symbol) [0x00007FF76EE793D2]
	(No symbol) [0x00007FF76EE795FC]
	(No symbol) [0x00007FF76EEC3407]
	(No symbol) [0x00007FF76EE9FFEF]
	(No symbol) [0x00007FF76EEC0181]
	(No symbol) [0x00007FF76EE9FD53]
	(No symbol) [0x00007FF76EE6A0E3]
	(No symbol) [0x00007FF76EE6B471]
	GetHandleVerifier [0x00007FF76F35F30D+3366989]
	GetHandleVerifier [0x00007FF76F3712F0+3440688]
	GetHandleVerifier [0x00007FF76F3678FD+3401277]
	GetHandleVerifier [0x00007FF76F0FAAAB+858091]
	(No symbol) [0x00007FF76EF9E74F]
	(No symbol) [0x00007FF76EF9A304]
	(No symbol) [0x00007FF76EF9A49D]
	(No symbol) [0x00007FF76EF88B69]
	BaseThreadInitThunk [0x00007FFDCBD7E8D7+23]
	RtlUserThreadStart [0x00007FFDCCFFFBCC+44]
"
瘋一杯飲料專門店(宏匯廣場店),Cannot save file into a non-existent directory: 'csv'
五桐號 WooTEA(新莊中和店),Cannot save file into a non-existent directory: 'csv'
功夫茶KUNG FU TEA(新莊榮富店),"Message: 
Stacktrace:
	GetHandleVerifier [0x00007FF76F0302F5+28725]
	(No symbol) [0x00007FF76EF92AE0]
	(No symbol) [0x00007FF76EE2510A]
	(No symbol) [0x00007FF76EE793D2]
	(No symbol) [0x00007FF76EE795FC]
	(No symbol) [0x00007FF76EEC3407]
	(No symbol) [0x00007FF76EE9FFEF]
	(No symbol) [0x00007FF76EEC0181]
	(No symbol) [0x00007FF76EE9FD53]
	(No symbol) [0x00007FF76EE6A0E3]
	(No symbol) [0x00007FF76EE6B471]
	GetHandleVerifier [0x00007FF76F35F30D+3366989]
	GetHandleVerifier [0x00007FF76F3712F0+3440688]
	GetHandleVerifier [0x00007FF76F3678FD+3401277]
	GetHandleVerifier [0x00007FF76F0FAAAB+858091]
	(No symbol) [0x00007FF76EF9E74F]
	(No symbol) [0x00007FF76EF9A304]
	(No symbol) [0x00007FF76EF9A49D]
	(No symbol) [0x00007FF76EF88B69]
	BaseThreadInitThunk [0x00007FFDCBD7E8D7+23]
	RtlUserThreadStart [0x00007FFDCCFFFBCC+44]
"
天仁茗茶(新北新莊店),Cannot save file into a non-existent directory: 'csv'
有飲(新莊幸福店),Cannot save file into a non-existent directory: 'csv'
黛黛茶Daily Dae(新北泰山店),"Message: 
Stacktrace:
	GetHandleVerifier [0x00007FF76F0302F5+28725]
	(No symbol) [0x00007FF76EF92AE0]
	(No symbol) [0x00007FF76EE2510A]
	(No symbol) [0x00007FF76EE793D2]
	(No symbol) [0x00007FF76EE795FC]
	(No symbol) [0x00007FF76EEC3407]
	(No symbol) [0x00007FF76EE9FFEF]
	(No symbol) [0x00007FF76EEC0181]
	(No symbol) [0x00007FF76EE9FD53]
	(No symbol) [0x00007FF76EE6A0E3]
	(No symbol) [0x00007FF76EE6B471]
	GetHandleVerifier [0x00007FF76F35F30D+3366989]
	GetHandleVerifier [0x00007FF76F3712F0+3440688]
	GetHandleVerifier [0x00007FF76F3678FD+3401277]
	GetHandleVerifier [0x00007FF76F0FAAAB+858091]
	(No symbol) [0x00007FF76EF9E74F]
	(No symbol) [0x00007FF76EF9A304]
	(No symbol) [0x00007FF76EF9A49D]
	(No symbol) [0x00007FF76EF88B69]
	BaseThreadInitThunk [0x00007FFDCBD7E8D7+23]
	RtlUserThreadStart [0x00007FFDCCFFFBCC+44]
"
甘蔗の媽媽(新莊幸福店),Cannot save file into a non-existent directory: 'csv'
茶湯會(新莊中平店),"Message: 
Stacktrace:
	GetHandleVerifier [0x00007FF76F0302F5+28725]
	(No symbol) [0x00007FF76EF92AE0]
	(No symbol) [0x00007FF76EE2510A]
	(No symbol) [0x00007FF76EE793D2]
	(No symbol) [0x00007FF76EE795FC]
	(No symbol) [0x00007FF76EEC3407]
	(No symbol) [0x00007FF76EE9FFEF]
	(No symbol) [0x00007FF76EEC0181]
	(No symbol) [0x00007FF76EE9FD53]
	(No symbol) [0x00007FF76EE6A0E3]
	(No symbol) [0x00007FF76EE6B471]
	GetHandleVerifier [0x00007FF76F35F30D+3366989]
	GetHandleVerifier [0x00007FF76F3712F0+3440688]
	GetHandleVerifier [0x00007FF76F3678FD+3401277]
	GetHandleVerifier [0x00007FF76F0FAAAB+858091]
	(No symbol) [0x00007FF76EF9E74F]
	(No symbol) [0x00007FF76EF9A304]
	(No symbol) [0x00007FF76EF9A49D]
	(No symbol) [0x00007FF76EF88B69]
	BaseThreadInitThunk [0x00007FFDCBD7E8D7+23]
	RtlUserThreadStart [0x00007FFDCCFFFBCC+44]
"
春和茶水攤(新莊駱馬店),"Message: 
Stacktrace:
	GetHandleVerifier [0x00007FF76F0302F5+28725]
	(No symbol) [0x00007FF76EF92AE0]
	(No symbol) [0x00007FF76EE2510A]
	(No symbol) [0x00007FF76EE793D2]
	(No symbol) [0x00007FF76EE795FC]
	(No symbol) [0x00007FF76EEC3407]
	(No symbol) [0x00007FF76EE9FFEF]
	(No symbol) [0x00007FF76EEC0181]
	(No symbol) [0x00007FF76EE9FD53]
	(No symbol) [0x00007FF76EE6A0E3]
	(No symbol) [0x00007FF76EE6B471]
	GetHandleVerifier [0x00007FF76F35F30D+3366989]
	GetHandleVerifier [0x00007FF76F3712F0+3440688]
	GetHandleVerifier [0x00007FF76F3678FD+3401277]
	GetHandleVerifier [0x00007FF76F0FAAAB+858091]
	(No symbol) [0x00007FF76EF9E74F]
	(No symbol) [0x00007FF76EF9A304]
	(No symbol) [0x00007FF76EF9A49D]
	(No symbol) [0x00007FF76EF88B69]
	BaseThreadInitThunk [0x00007FFDCBD7E8D7+23]
	RtlUserThreadStart [0x00007FFDCCFFFBCC+44]
"
咕嚕嚕,Cannot save file into a non-existent directory: 'csv'
Mr.Wish 鮮果茶玩家(新莊新泰店),"Message: 
Stacktrace:
	GetHandleVerifier [0x00007FF76F0302F5+28725]
	(No symbol) [0x00007FF76EF92AE0]
	(No symbol) [0x00007FF76EE2510A]
	(No symbol) [0x00007FF76EE793D2]
	(No symbol) [0x00007FF76EE795FC]
	(No symbol) [0x00007FF76EEC3407]
	(No symbol) [0x00007FF76EE9FFEF]
	(No symbol) [0x00007FF76EEC0181]
	(No symbol) [0x00007FF76EE9FD53]
	(No symbol) [0x00007FF76EE6A0E3]
	(No symbol) [0x00007FF76EE6B471]
	GetHandleVerifier [0x00007FF76F35F30D+3366989]
	GetHandleVerifier [0x00007FF76F3712F0+3440688]
	GetHandleVerifier [0x00007FF76F3678FD+3401277]
	GetHandleVerifier [0x00007FF76F0FAAAB+858091]
	(No symbol) [0x00007FF76EF9E74F]
	(No symbol) [0x00007FF76EF9A304]
	(No symbol) [0x00007FF76EF9A49D]
	(No symbol) [0x00007FF76EF88B69]
	BaseThreadInitThunk [0x00007FFDCBD7E8D7+23]
	RtlUserThreadStart [0x00007FFDCCFFFBCC+44]
"
芋璽茶飲,"Message: 
Stacktrace:
	GetHandleVerifier [0x00007FF76F0302F5+28725]
	(No symbol) [0x00007FF76EF92AE0]
	(No symbol) [0x00007FF76EE2510A]
	(No symbol) [0x00007FF76EE793D2]
	(No symbol) [0x00007FF76EE795FC]
	(No symbol) [0x00007FF76EEC3407]
	(No symbol) [0x00007FF76EE9FFEF]
	(No symbol) [0x00007FF76EEC0181]
	(No symbol) [0x00007FF76EE9FD53]
	(No symbol) [0x00007FF76EE6A0E3]
	(No symbol) [0x00007FF76EE6B471]
	GetHandleVerifier [0x00007FF76F35F30D+3366989]
	GetHandleVerifier [0x00007FF76F3712F0+3440688]
	GetHandleVerifier [0x00007FF76F3678FD+3401277]
	GetHandleVerifier [0x00007FF76F0FAAAB+858091]
	(No symbol) [0x00007FF76EF9E74F]
	(No symbol) [0x00007FF76EF9A304]
	(No symbol) [0x00007FF76EF9A49D]
	(No symbol) [0x00007FF76EF88B69]
	BaseThreadInitThunk [0x00007FFDCBD7E8D7+23]
	RtlUserThreadStart [0x00007FFDCCFFFBCC+44]
"
CoCo都可(板橋新海店),"Message: 
Stacktrace:
	GetHandleVerifier [0x00007FF76F0302F5+28725]
	(No symbol) [0x00007FF76EF92AE0]
	(No symbol) [0x00007FF76EE2510A]
	(No symbol) [0x00007FF76EE793D2]
	(No symbol) [0x00007FF76EE795FC]
	(No symbol) [0x00007FF76EEC3407]
	(No symbol) [0x00007FF76EE9FFEF]
	(No symbol) [0x00007FF76EEC0181]
	(No symbol) [0x00007FF76EE9FD53]
	(No symbol) [0x00007FF76EE6A0E3]
	(No symbol) [0x00007FF76EE6B471]
	GetHandleVerifier [0x00007FF76F35F30D+3366989]
	GetHandleVerifier [0x00007FF76F3712F0+3440688]
	GetHandleVerifier [0x00007FF76F3678FD+3401277]
	GetHandleVerifier [0x00007FF76F0FAAAB+858091]
	(No symbol) [0x00007FF76EF9E74F]
	(No symbol) [0x00007FF76EF9A304]
	(No symbol) [0x00007FF76EF9A49D]
	(No symbol) [0x00007FF76EF88B69]
	BaseThreadInitThunk [0x00007FFDCBD7E8D7+23]
	RtlUserThreadStart [0x00007FFDCCFFFBCC+44]
"
STARBUCKS 星巴克(板橋新埔門市),"Message: 
Stacktrace:
	GetHandleVerifier [0x00007FF76F0302F5+28725]
	(No symbol) [0x00007FF76EF92AE0]
	(No symbol) [0x00007FF76EE2510A]
	(No symbol) [0x00007FF76EE793D2]
	(No symbol) [0x00007FF76EE795FC]
	(No symbol) [0x00007FF76EEC3407]
	(No symbol) [0x00007FF76EE9FFEF]
	(No symbol) [0x00007FF76EEC0181]
	(No symbol) [0x00007FF76EE9FD53]
	(No symbol) [0x00007FF76EE6A0E3]
	(No symbol) [0x00007FF76EE6B471]
	GetHandleVerifier [0x00007FF76F35F30D+3366989]
	GetHandleVerifier [0x00007FF76F3712F0+3440688]
	GetHandleVerifier [0x00007FF76F3678FD+3401277]
	GetHandleVerifier [0x00007FF76F0FAAAB+858091]
	(No symbol) [0x00007FF76EF9E74F]
	(No symbol) [0x00007FF76EF9A304]
	(No symbol) [0x00007FF76EF9A49D]
	(No symbol) [0x00007FF76EF88B69]
	BaseThreadInitThunk [0x00007FFDCBD7E8D7+23]
	RtlUserThreadStart [0x00007FFDCCFFFBCC+44]
"
日日裝茶(板橋文化店),"Message: 
Stacktrace:
	GetHandleVerifier [0x00007FF76F0302F5+28725]
	(No symbol) [0x00007FF76EF92AE0]
	(No symbol) [0x00007FF76EE2510A]
	(No symbol) [0x00007FF76EE793D2]
	(No symbol) [0x00007FF76EE795FC]
	(No symbol) [0x00007FF76EEC3407]
	(No symbol) [0x00007FF76EE9FFEF]
	(No symbol) [0x00007FF76EEC0181]
	(No symbol) [0x00007FF76EE9FD53]
	(No symbol) [0x00007FF76EE6A0E3]
	(No symbol) [0x00007FF76EE6B471]
	GetHandleVerifier [0x00007FF76F35F30D+3366989]
	GetHandleVerifier [0x00007FF76F3712F0+3440688]
	GetHandleVerifier [0x00007FF76F3678FD+3401277]
	GetHandleVerifier [0x00007FF76F0FAAAB+858091]
	(No symbol) [0x00007FF76EF9E74F]
	(No symbol) [0x00007FF76EF9A304]
	(No symbol) [0x00007FF76EF9A49D]
	(No symbol) [0x00007FF76EF88B69]
	BaseThreadInitThunk [0x00007FFDCBD7E8D7+23]
	RtlUserThreadStart [0x00007FFDCCFFFBCC+44]
"
甘鹿兒,"Message: 
Stacktrace:
	GetHandleVerifier [0x00007FF76F0302F5+28725]
	(No symbol) [0x00007FF76EF92AE0]
	(No symbol) [0x00007FF76EE2510A]
	(No symbol) [0x00007FF76EE793D2]
	(No symbol) [0x00007FF76EE795FC]
	(No symbol) [0x00007FF76EEC3407]
	(No symbol) [0x00007FF76EE9FFEF]
	(No symbol) [0x00007FF76EEC0181]
	(No symbol) [0x00007FF76EE9FD53]
	(No symbol) [0x00007FF76EE6A0E3]
	(No symbol) [0x00007FF76EE6B471]
	GetHandleVerifier [0x00007FF76F35F30D+3366989]
	GetHandleVerifier [0x00007FF76F3712F0+3440688]
	GetHandleVerifier [0x00007FF76F3678FD+3401277]
	GetHandleVerifier [0x00007FF76F0FAAAB+858091]
	(No symbol) [0x00007FF76EF9E74F]
	(No symbol) [0x00007FF76EF9A304]
	(No symbol) [0x00007FF76EF9A49D]
	(No symbol) [0x00007FF76EF88B69]
	BaseThreadInitThunk [0x00007FFDCBD7E8D7+23]
	RtlUserThreadStart [0x00007FFDCCFFFBCC+44]
"
茶聚(板橋大仁店),"Message: 
Stacktrace:
	GetHandleVerifier [0x00007FF76F0302F5+28725]
	(No symbol) [0x00007FF76EF92AE0]
	(No symbol) [0x00007FF76EE2510A]
	(No symbol) [0x00007FF76EE793D2]
	(No symbol) [0x00007FF76EE795FC]
	(No symbol) [0x00007FF76EEC3407]
	(No symbol) [0x00007FF76EE9FFEF]
	(No symbol) [0x00007FF76EEC0181]
	(No symbol) [0x00007FF76EE9FD53]
	(No symbol) [0x00007FF76EE6A0E3]
	(No symbol) [0x00007FF76EE6B471]
	GetHandleVerifier [0x00007FF76F35F30D+3366989]
	GetHandleVerifier [0x00007FF76F3712F0+3440688]
	GetHandleVerifier [0x00007FF76F3678FD+3401277]
	GetHandleVerifier [0x00007FF76F0FAAAB+858091]
	(No symbol) [0x00007FF76EF9E74F]
	(No symbol) [0x00007FF76EF9A304]
	(No symbol) [0x00007FF76EF9A49D]
	(No symbol) [0x00007FF76EF88B69]
	BaseThreadInitThunk [0x00007FFDCBD7E8D7+23]
	RtlUserThreadStart [0x00007FFDCCFFFBCC+44]
"
甘蔗の媽媽(板橋中山店),"Message: 
Stacktrace:
	GetHandleVerifier [0x00007FF76F0302F5+28725]
	(No symbol) [0x00007FF76EF92AE0]
	(No symbol) [0x00007FF76EE2510A]
	(No symbol) [0x00007FF76EE793D2]
	(No symbol) [0x00007FF76EE795FC]
	(No symbol) [0x00007FF76EEC3407]
	(No symbol) [0x00007FF76EE9FFEF]
	(No symbol) [0x00007FF76EEC0181]
	(No symbol) [0x00007FF76EE9FD53]
	(No symbol) [0x00007FF76EE6A0E3]
	(No symbol) [0x00007FF76EE6B471]
	GetHandleVerifier [0x00007FF76F35F30D+3366989]
	GetHandleVerifier [0x00007FF76F3712F0+3440688]
	GetHandleVerifier [0x00007FF76F3678FD+3401277]
	GetHandleVerifier [0x00007FF76F0FAAAB+858091]
	(No symbol) [0x00007FF76EF9E74F]
	(No symbol) [0x00007FF76EF9A304]
	(No symbol) [0x00007FF76EF9A49D]
	(No symbol) [0x00007FF76EF88B69]
	BaseThreadInitThunk [0x00007FFDCBD7E8D7+23]
	RtlUserThreadStart [0x00007FFDCCFFFBCC+44]
"
珍煮丹(板橋府中店),"Message: 
Stacktrace:
	GetHandleVerifier [0x00007FF76F0302F5+28725]
	(No symbol) [0x00007FF76EF92AE0]
	(No symbol) [0x00007FF76EE2510A]
	(No symbol) [0x00007FF76EE793D2]
	(No symbol) [0x00007FF76EE795FC]
	(No symbol) [0x00007FF76EEC3407]
	(No symbol) [0x00007FF76EE9FFEF]
	(No symbol) [0x00007FF76EEC0181]
	(No symbol) [0x00007FF76EE9FD53]
	(No symbol) [0x00007FF76EE6A0E3]
	(No symbol) [0x00007FF76EE6B471]
	GetHandleVerifier [0x00007FF76F35F30D+3366989]
	GetHandleVerifier [0x00007FF76F3712F0+3440688]
	GetHandleVerifier [0x00007FF76F3678FD+3401277]
	GetHandleVerifier [0x00007FF76F0FAAAB+858091]
	(No symbol) [0x00007FF76EF9E74F]
	(No symbol) [0x00007FF76EF9A304]
	(No symbol) [0x00007FF76EF9A49D]
	(No symbol) [0x00007FF76EF88B69]
	BaseThreadInitThunk [0x00007FFDCBD7E8D7+23]
	RtlUserThreadStart [0x00007FFDCCFFFBCC+44]
"
天仁茗茶(新北板橋店),Cannot save file into a non-existent directory: 'csv'
萬波島嶼紅茶(板橋府中店),"Message: 
Stacktrace:
	GetHandleVerifier [0x00007FF76F0302F5+28725]
	(No symbol) [0x00007FF76EF92AE0]
	(No symbol) [0x00007FF76EE2510A]
	(No symbol) [0x00007FF76EE793D2]
	(No symbol) [0x00007FF76EE795FC]
	(No symbol) [0x00007FF76EEC3407]
	(No symbol) [0x00007FF76EE9FFEF]
	(No symbol) [0x00007FF76EEC0181]
	(No symbol) [0x00007FF76EE9FD53]
	(No symbol) [0x00007FF76EE6A0E3]
	(No symbol) [0x00007FF76EE6B471]
	GetHandleVerifier [0x00007FF76F35F30D+3366989]
	GetHandleVerifier [0x00007FF76F3712F0+3440688]
	GetHandleVerifier [0x00007FF76F3678FD+3401277]
	GetHandleVerifier [0x00007FF76F0FAAAB+858091]
	(No symbol) [0x00007FF76EF9E74F]
	(No symbol) [0x00007FF76EF9A304]
	(No symbol) [0x00007FF76EF9A49D]
	(No symbol) [0x00007FF76EF88B69]
	BaseThreadInitThunk [0x00007FFDCBD7E8D7+23]
	RtlUserThreadStart [0x00007FFDCCFFFBCC+44]
"
晴喜摘(板橋民生店),"Message: 
Stacktrace:
	GetHandleVerifier [0x00007FF76F0302F5+28725]
	(No symbol) [0x00007FF76EF92AE0]
	(No symbol) [0x00007FF76EE2510A]
	(No symbol) [0x00007FF76EE793D2]
	(No symbol) [0x00007FF76EE795FC]
	(No symbol) [0x00007FF76EEC3407]
	(No symbol) [0x00007FF76EE9FFEF]
	(No symbol) [0x00007FF76EEC0181]
	(No symbol) [0x00007FF76EE9FD53]
	(No symbol) [0x00007FF76EE6A0E3]
	(No symbol) [0x00007FF76EE6B471]
	GetHandleVerifier [0x00007FF76F35F30D+3366989]
	GetHandleVerifier [0x00007FF76F3712F0+3440688]
	GetHandleVerifier [0x00007FF76F3678FD+3401277]
	GetHandleVerifier [0x00007FF76F0FAAAB+858091]
	(No symbol) [0x00007FF76EF9E74F]
	(No symbol) [0x00007FF76EF9A304]
	(No symbol) [0x00007FF76EF9A49D]
	(No symbol) [0x00007FF76EF88B69]
	BaseThreadInitThunk [0x00007FFDCBD7E8D7+23]
	RtlUserThreadStart [0x00007FFDCCFFFBCC+44]
"
好了啦紅茶冰(板橋四維店),Cannot save file into a non-existent directory: 'csv'
涼水庫紅茶冰(板橋中山店),"Message: 
Stacktrace:
	GetHandleVerifier [0x00007FF76F0302F5+28725]
	(No symbol) [0x00007FF76EF92AE0]
	(No symbol) [0x00007FF76EE2510A]
	(No symbol) [0x00007FF76EE793D2]
	(No symbol) [0x00007FF76EE795FC]
	(No symbol) [0x00007FF76EEC3407]
	(No symbol) [0x00007FF76EE9FFEF]
	(No symbol) [0x00007FF76EEC0181]
	(No symbol) [0x00007FF76EE9FD53]
	(No symbol) [0x00007FF76EE6A0E3]
	(No symbol) [0x00007FF76EE6B471]
	GetHandleVerifier [0x00007FF76F35F30D+3366989]
	GetHandleVerifier [0x00007FF76F3712F0+3440688]
	GetHandleVerifier [0x00007FF76F3678FD+3401277]
	GetHandleVerifier [0x00007FF76F0FAAAB+858091]
	(No symbol) [0x00007FF76EF9E74F]
	(No symbol) [0x00007FF76EF9A304]
	(No symbol) [0x00007FF76EF9A49D]
	(No symbol) [0x00007FF76EF88B69]
	BaseThreadInitThunk [0x00007FFDCBD7E8D7+23]
	RtlUserThreadStart [0x00007FFDCCFFFBCC+44]
"
茶湯會(板橋四維店),"Message: 
Stacktrace:
	GetHandleVerifier [0x00007FF76F0302F5+28725]
	(No symbol) [0x00007FF76EF92AE0]
	(No symbol) [0x00007FF76EE2510A]
	(No symbol) [0x00007FF76EE793D2]
	(No symbol) [0x00007FF76EE795FC]
	(No symbol) [0x00007FF76EEC3407]
	(No symbol) [0x00007FF76EE9FFEF]
	(No symbol) [0x00007FF76EEC0181]
	(No symbol) [0x00007FF76EE9FD53]
	(No symbol) [0x00007FF76EE6A0E3]
	(No symbol) [0x00007FF76EE6B471]
	GetHandleVerifier [0x00007FF76F35F30D+3366989]
	GetHandleVerifier [0x00007FF76F3712F0+3440688]
	GetHandleVerifier [0x00007FF76F3678FD+3401277]
	GetHandleVerifier [0x00007FF76F0FAAAB+858091]
	(No symbol) [0x00007FF76EF9E74F]
	(No symbol) [0x00007FF76EF9A304]
	(No symbol) [0x00007FF76EF9A49D]
	(No symbol) [0x00007FF76EF88B69]
	BaseThreadInitThunk [0x00007FFDCBD7E8D7+23]
	RtlUserThreadStart [0x00007FFDCCFFFBCC+44]
"
泰讚了(府中南雅店),"Message: 
Stacktrace:
	GetHandleVerifier [0x00007FF76F0302F5+28725]
	(No symbol) [0x00007FF76EF92AE0]
	(No symbol) [0x00007FF76EE2510A]
	(No symbol) [0x00007FF76EE793D2]
	(No symbol) [0x00007FF76EE795FC]
	(No symbol) [0x00007FF76EEC3407]
	(No symbol) [0x00007FF76EE9FFEF]
	(No symbol) [0x00007FF76EEC0181]
	(No symbol) [0x00007FF76EE9FD53]
	(No symbol) [0x00007FF76EE6A0E3]
	(No symbol) [0x00007FF76EE6B471]
	GetHandleVerifier [0x00007FF76F35F30D+3366989]
	GetHandleVerifier [0x00007FF76F3712F0+3440688]
	GetHandleVerifier [0x00007FF76F3678FD+3401277]
	GetHandleVerifier [0x00007FF76F0FAAAB+858091]
	(No symbol) [0x00007FF76EF9E74F]
	(No symbol) [0x00007FF76EF9A304]
	(No symbol) [0x00007FF76EF9A49D]
	(No symbol) [0x00007FF76EF88B69]
	BaseThreadInitThunk [0x00007FFDCBD7E8D7+23]
	RtlUserThreadStart [0x00007FFDCCFFFBCC+44]
"
Mr.Wish 鮮果茶玩家(中和環球店),"Message: 
Stacktrace:
	GetHandleVerifier [0x00007FF76F0302F5+28725]
	(No symbol) [0x00007FF76EF92AE0]
	(No symbol) [0x00007FF76EE2510A]
	(No symbol) [0x00007FF76EE793D2]
	(No symbol) [0x00007FF76EE795FC]
	(No symbol) [0x00007FF76EEC3407]
	(No symbol) [0x00007FF76EE9FFEF]
	(No symbol) [0x00007FF76EEC0181]
	(No symbol) [0x00007FF76EE9FD53]
	(No symbol) [0x00007FF76EE6A0E3]
	(No symbol) [0x00007FF76EE6B471]
	GetHandleVerifier [0x00007FF76F35F30D+3366989]
	GetHandleVerifier [0x00007FF76F3712F0+3440688]
	GetHandleVerifier [0x00007FF76F3678FD+3401277]
	GetHandleVerifier [0x00007FF76F0FAAAB+858091]
	(No symbol) [0x00007FF76EF9E74F]
	(No symbol) [0x00007FF76EF9A304]
	(No symbol) [0x00007FF76EF9A49D]
	(No symbol) [0x00007FF76EF88B69]
	BaseThreadInitThunk [0x00007FFDCBD7E8D7+23]
	RtlUserThreadStart [0x00007FFDCCFFFBCC+44]
"
嘉義紅茶蔥抓餅專賣,Cannot save file into a non-existent directory: 'csv'
唐棉(新北中和民德店),Cannot save file into a non-existent directory: 'csv'
李記紅茶冰(板橋松柏店),"Message: 
Stacktrace:
	GetHandleVerifier [0x00007FF76F0302F5+28725]
	(No symbol) [0x00007FF76EF92AE0]
	(No symbol) [0x00007FF76EE2510A]
	(No symbol) [0x00007FF76EE793D2]
	(No symbol) [0x00007FF76EE795FC]
	(No symbol) [0x00007FF76EEC3407]
	(No symbol) [0x00007FF76EE9FFEF]
	(No symbol) [0x00007FF76EEC0181]
	(No symbol) [0x00007FF76EE9FD53]
	(No symbol) [0x00007FF76EE6A0E3]
	(No symbol) [0x00007FF76EE6B471]
	GetHandleVerifier [0x00007FF76F35F30D+3366989]
	GetHandleVerifier [0x00007FF76F3712F0+3440688]
	GetHandleVerifier [0x00007FF76F3678FD+3401277]
	GetHandleVerifier [0x00007FF76F0FAAAB+858091]
	(No symbol) [0x00007FF76EF9E74F]
	(No symbol) [0x00007FF76EF9A304]
	(No symbol) [0x00007FF76EF9A49D]
	(No symbol) [0x00007FF76EF88B69]
	BaseThreadInitThunk [0x00007FFDCBD7E8D7+23]
	RtlUserThreadStart [0x00007FFDCCFFFBCC+44]
"
cama café(板橋文化店),"Message: 
Stacktrace:
	GetHandleVerifier [0x00007FF76F0302F5+28725]
	(No symbol) [0x00007FF76EF92AE0]
	(No symbol) [0x00007FF76EE2510A]
	(No symbol) [0x00007FF76EE793D2]
	(No symbol) [0x00007FF76EE795FC]
	(No symbol) [0x00007FF76EEC3407]
	(No symbol) [0x00007FF76EE9FFEF]
	(No symbol) [0x00007FF76EEC0181]
	(No symbol) [0x00007FF76EE9FD53]
	(No symbol) [0x00007FF76EE6A0E3]
	(No symbol) [0x00007FF76EE6B471]
	GetHandleVerifier [0x00007FF76F35F30D+3366989]
	GetHandleVerifier [0x00007FF76F3712F0+3440688]
	GetHandleVerifier [0x00007FF76F3678FD+3401277]
	GetHandleVerifier [0x00007FF76F0FAAAB+858091]
	(No symbol) [0x00007FF76EF9E74F]
	(No symbol) [0x00007FF76EF9A304]
	(No symbol) [0x00007FF76EF9A49D]
	(No symbol) [0x00007FF76EF88B69]
	BaseThreadInitThunk [0x00007FFDCBD7E8D7+23]
	RtlUserThreadStart [0x00007FFDCCFFFBCC+44]
"
大苑子(土城延和店),"Message: 
Stacktrace:
	GetHandleVerifier [0x00007FF76F0302F5+28725]
	(No symbol) [0x00007FF76EF92AE0]
	(No symbol) [0x00007FF76EE2510A]
	(No symbol) [0x00007FF76EE793D2]
	(No symbol) [0x00007FF76EE795FC]
	(No symbol) [0x00007FF76EEC3407]
	(No symbol) [0x00007FF76EE9FFEF]
	(No symbol) [0x00007FF76EEC0181]
	(No symbol) [0x00007FF76EE9FD53]
	(No symbol) [0x00007FF76EE6A0E3]
	(No symbol) [0x00007FF76EE6B471]
	GetHandleVerifier [0x00007FF76F35F30D+3366989]
	GetHandleVerifier [0x00007FF76F3712F0+3440688]
	GetHandleVerifier [0x00007FF76F3678FD+3401277]
	GetHandleVerifier [0x00007FF76F0FAAAB+858091]
	(No symbol) [0x00007FF76EF9E74F]
	(No symbol) [0x00007FF76EF9A304]
	(No symbol) [0x00007FF76EF9A49D]
	(No symbol) [0x00007FF76EF88B69]
	BaseThreadInitThunk [0x00007FFDCBD7E8D7+23]
	RtlUserThreadStart [0x00007FFDCCFFFBCC+44]
"
力冰甜品,"Message: 
Stacktrace:
	GetHandleVerifier [0x00007FF76F0302F5+28725]
	(No symbol) [0x00007FF76EF92AE0]
	(No symbol) [0x00007FF76EE2510A]
	(No symbol) [0x00007FF76EE793D2]
	(No symbol) [0x00007FF76EE795FC]
	(No symbol) [0x00007FF76EEC3407]
	(No symbol) [0x00007FF76EE9FFEF]
	(No symbol) [0x00007FF76EEC0181]
	(No symbol) [0x00007FF76EE9FD53]
	(No symbol) [0x00007FF76EE6A0E3]
	(No symbol) [0x00007FF76EE6B471]
	GetHandleVerifier [0x00007FF76F35F30D+3366989]
	GetHandleVerifier [0x00007FF76F3712F0+3440688]
	GetHandleVerifier [0x00007FF76F3678FD+3401277]
	GetHandleVerifier [0x00007FF76F0FAAAB+858091]
	(No symbol) [0x00007FF76EF9E74F]
	(No symbol) [0x00007FF76EF9A304]
	(No symbol) [0x00007FF76EF9A49D]
	(No symbol) [0x00007FF76EF88B69]
	BaseThreadInitThunk [0x00007FFDCBD7E8D7+23]
	RtlUserThreadStart [0x00007FFDCCFFFBCC+44]
"
卿茶CHING TEA(學府店),Cannot save file into a non-existent directory: 'csv'
有飲(新北土城店),Cannot save file into a non-existent directory: 'csv'
泰國幫,Cannot save file into a non-existent directory: 'csv'
出櫃茶飲,Cannot save file into a non-existent directory: 'csv'
大沏茶,Cannot save file into a non-existent directory: 'csv'
茶朵ㄦ(龍岡忠貞店),"Message: 
Stacktrace:
	GetHandleVerifier [0x00007FF76F0302F5+28725]
	(No symbol) [0x00007FF76EF92AE0]
	(No symbol) [0x00007FF76EE2510A]
	(No symbol) [0x00007FF76EE793D2]
	(No symbol) [0x00007FF76EE795FC]
	(No symbol) [0x00007FF76EEC3407]
	(No symbol) [0x00007FF76EE9FFEF]
	(No symbol) [0x00007FF76EEC0181]
	(No symbol) [0x00007FF76EE9FD53]
	(No symbol) [0x00007FF76EE6A0E3]
	(No symbol) [0x00007FF76EE6B471]
	GetHandleVerifier [0x00007FF76F35F30D+3366989]
	GetHandleVerifier [0x00007FF76F3712F0+3440688]
	GetHandleVerifier [0x00007FF76F3678FD+3401277]
	GetHandleVerifier [0x00007FF76F0FAAAB+858091]
	(No symbol) [0x00007FF76EF9E74F]
	(No symbol) [0x00007FF76EF9A304]
	(No symbol) [0x00007FF76EF9A49D]
	(No symbol) [0x00007FF76EF88B69]
	BaseThreadInitThunk [0x00007FFDCBD7E8D7+23]
	RtlUserThreadStart [0x00007FFDCCFFFBCC+44]
"
五桐號 WooTEA(中壢龍崗店),"Message: 
Stacktrace:
	GetHandleVerifier [0x00007FF76F0302F5+28725]
	(No symbol) [0x00007FF76EF92AE0]
	(No symbol) [0x00007FF76EE2510A]
	(No symbol) [0x00007FF76EE793D2]
	(No symbol) [0x00007FF76EE795FC]
	(No symbol) [0x00007FF76EEC3407]
	(No symbol) [0x00007FF76EE9FFEF]
	(No symbol) [0x00007FF76EEC0181]
	(No symbol) [0x00007FF76EE9FD53]
	(No symbol) [0x00007FF76EE6A0E3]
	(No symbol) [0x00007FF76EE6B471]
	GetHandleVerifier [0x00007FF76F35F30D+3366989]
	GetHandleVerifier [0x00007FF76F3712F0+3440688]
	GetHandleVerifier [0x00007FF76F3678FD+3401277]
	GetHandleVerifier [0x00007FF76F0FAAAB+858091]
	(No symbol) [0x00007FF76EF9E74F]
	(No symbol) [0x00007FF76EF9A304]
	(No symbol) [0x00007FF76EF9A49D]
	(No symbol) [0x00007FF76EF88B69]
	BaseThreadInitThunk [0x00007FFDCBD7E8D7+23]
	RtlUserThreadStart [0x00007FFDCCFFFBCC+44]
"
阿宗豬血糕(桃園龍岡店),"Message: 
Stacktrace:
	GetHandleVerifier [0x00007FF76F0302F5+28725]
	(No symbol) [0x00007FF76EF92AE0]
	(No symbol) [0x00007FF76EE2510A]
	(No symbol) [0x00007FF76EE793D2]
	(No symbol) [0x00007FF76EE795FC]
	(No symbol) [0x00007FF76EEC3407]
	(No symbol) [0x00007FF76EE9FFEF]
	(No symbol) [0x00007FF76EEC0181]
	(No symbol) [0x00007FF76EE9FD53]
	(No symbol) [0x00007FF76EE6A0E3]
	(No symbol) [0x00007FF76EE6B471]
	GetHandleVerifier [0x00007FF76F35F30D+3366989]
	GetHandleVerifier [0x00007FF76F3712F0+3440688]
	GetHandleVerifier [0x00007FF76F3678FD+3401277]
	GetHandleVerifier [0x00007FF76F0FAAAB+858091]
	(No symbol) [0x00007FF76EF9E74F]
	(No symbol) [0x00007FF76EF9A304]
	(No symbol) [0x00007FF76EF9A49D]
	(No symbol) [0x00007FF76EF88B69]
	BaseThreadInitThunk [0x00007FFDCBD7E8D7+23]
	RtlUserThreadStart [0x00007FFDCCFFFBCC+44]
"
烏弄(中壢龍東店),"Message: 
Stacktrace:
	GetHandleVerifier [0x00007FF76F0302F5+28725]
	(No symbol) [0x00007FF76EF92AE0]
	(No symbol) [0x00007FF76EE2510A]
	(No symbol) [0x00007FF76EE793D2]
	(No symbol) [0x00007FF76EE795FC]
	(No symbol) [0x00007FF76EEC3407]
	(No symbol) [0x00007FF76EE9FFEF]
	(No symbol) [0x00007FF76EEC0181]
	(No symbol) [0x00007FF76EE9FD53]
	(No symbol) [0x00007FF76EE6A0E3]
	(No symbol) [0x00007FF76EE6B471]
	GetHandleVerifier [0x00007FF76F35F30D+3366989]
	GetHandleVerifier [0x00007FF76F3712F0+3440688]
	GetHandleVerifier [0x00007FF76F3678FD+3401277]
	GetHandleVerifier [0x00007FF76F0FAAAB+858091]
	(No symbol) [0x00007FF76EF9E74F]
	(No symbol) [0x00007FF76EF9A304]
	(No symbol) [0x00007FF76EF9A49D]
	(No symbol) [0x00007FF76EF88B69]
	BaseThreadInitThunk [0x00007FFDCBD7E8D7+23]
	RtlUserThreadStart [0x00007FFDCCFFFBCC+44]
"
STARBUCKS 星巴克(平鎮家樂福門市),"Message: 
Stacktrace:
	GetHandleVerifier [0x00007FF76F0302F5+28725]
	(No symbol) [0x00007FF76EF92AE0]
	(No symbol) [0x00007FF76EE2510A]
	(No symbol) [0x00007FF76EE793D2]
	(No symbol) [0x00007FF76EE795FC]
	(No symbol) [0x00007FF76EEC3407]
	(No symbol) [0x00007FF76EE9FFEF]
	(No symbol) [0x00007FF76EEC0181]
	(No symbol) [0x00007FF76EE9FD53]
	(No symbol) [0x00007FF76EE6A0E3]
	(No symbol) [0x00007FF76EE6B471]
	GetHandleVerifier [0x00007FF76F35F30D+3366989]
	GetHandleVerifier [0x00007FF76F3712F0+3440688]
	GetHandleVerifier [0x00007FF76F3678FD+3401277]
	GetHandleVerifier [0x00007FF76F0FAAAB+858091]
	(No symbol) [0x00007FF76EF9E74F]
	(No symbol) [0x00007FF76EF9A304]
	(No symbol) [0x00007FF76EF9A49D]
	(No symbol) [0x00007FF76EF88B69]
	BaseThreadInitThunk [0x00007FFDCBD7E8D7+23]
	RtlUserThreadStart [0x00007FFDCCFFFBCC+44]
"
得正 OOLONG TEA PROJECT(桃園南崁計劃),Cannot save file into a non-existent directory: 'csv'
拾汣茶屋(南崁中正店),"Message: 
Stacktrace:
	GetHandleVerifier [0x00007FF76F0302F5+28725]
	(No symbol) [0x00007FF76EF92AE0]
	(No symbol) [0x00007FF76EE2510A]
	(No symbol) [0x00007FF76EE793D2]
	(No symbol) [0x00007FF76EE795FC]
	(No symbol) [0x00007FF76EEC3407]
	(No symbol) [0x00007FF76EE9FFEF]
	(No symbol) [0x00007FF76EEC0181]
	(No symbol) [0x00007FF76EE9FD53]
	(No symbol) [0x00007FF76EE6A0E3]
	(No symbol) [0x00007FF76EE6B471]
	GetHandleVerifier [0x00007FF76F35F30D+3366989]
	GetHandleVerifier [0x00007FF76F3712F0+3440688]
	GetHandleVerifier [0x00007FF76F3678FD+3401277]
	GetHandleVerifier [0x00007FF76F0FAAAB+858091]
	(No symbol) [0x00007FF76EF9E74F]
	(No symbol) [0x00007FF76EF9A304]
	(No symbol) [0x00007FF76EF9A49D]
	(No symbol) [0x00007FF76EF88B69]
	BaseThreadInitThunk [0x00007FFDCBD7E8D7+23]
	RtlUserThreadStart [0x00007FFDCCFFFBCC+44]
"
STARBUCKS 星巴克(南崁門市),Cannot save file into a non-existent directory: 'csv'
茶湯會(桃園南崁店),"Message: 
Stacktrace:
	GetHandleVerifier [0x00007FF76F0302F5+28725]
	(No symbol) [0x00007FF76EF92AE0]
	(No symbol) [0x00007FF76EE2510A]
	(No symbol) [0x00007FF76EE793D2]
	(No symbol) [0x00007FF76EE795FC]
	(No symbol) [0x00007FF76EEC3407]
	(No symbol) [0x00007FF76EE9FFEF]
	(No symbol) [0x00007FF76EEC0181]
	(No symbol) [0x00007FF76EE9FD53]
	(No symbol) [0x00007FF76EE6A0E3]
	(No symbol) [0x00007FF76EE6B471]
	GetHandleVerifier [0x00007FF76F35F30D+3366989]
	GetHandleVerifier [0x00007FF76F3712F0+3440688]
	GetHandleVerifier [0x00007FF76F3678FD+3401277]
	GetHandleVerifier [0x00007FF76F0FAAAB+858091]
	(No symbol) [0x00007FF76EF9E74F]
	(No symbol) [0x00007FF76EF9A304]
	(No symbol) [0x00007FF76EF9A49D]
	(No symbol) [0x00007FF76EF88B69]
	BaseThreadInitThunk [0x00007FFDCBD7E8D7+23]
	RtlUserThreadStart [0x00007FFDCCFFFBCC+44]
"
CoCo都可(桃園南崁店),Cannot save file into a non-existent directory: 'csv'
迷客夏 Milksha(桃園南崁店),Cannot save file into a non-existent directory: 'csv'
85度C(南崁南竹店),"Message: 
Stacktrace:
	GetHandleVerifier [0x00007FF76F0302F5+28725]
	(No symbol) [0x00007FF76EF92AE0]
	(No symbol) [0x00007FF76EE2510A]
	(No symbol) [0x00007FF76EE793D2]
	(No symbol) [0x00007FF76EE795FC]
	(No symbol) [0x00007FF76EEC3407]
	(No symbol) [0x00007FF76EE9FFEF]
	(No symbol) [0x00007FF76EEC0181]
	(No symbol) [0x00007FF76EE9FD53]
	(No symbol) [0x00007FF76EE6A0E3]
	(No symbol) [0x00007FF76EE6B471]
	GetHandleVerifier [0x00007FF76F35F30D+3366989]
	GetHandleVerifier [0x00007FF76F3712F0+3440688]
	GetHandleVerifier [0x00007FF76F3678FD+3401277]
	GetHandleVerifier [0x00007FF76F0FAAAB+858091]
	(No symbol) [0x00007FF76EF9E74F]
	(No symbol) [0x00007FF76EF9A304]
	(No symbol) [0x00007FF76EF9A49D]
	(No symbol) [0x00007FF76EF88B69]
	BaseThreadInitThunk [0x00007FFDCBD7E8D7+23]
	RtlUserThreadStart [0x00007FFDCCFFFBCC+44]
"
鮮Q茶飲,Cannot save file into a non-existent directory: 'csv'
半糖少冰(桃園南平店),"Message: 
Stacktrace:
	GetHandleVerifier [0x00007FF76F0302F5+28725]
	(No symbol) [0x00007FF76EF92AE0]
	(No symbol) [0x00007FF76EE2510A]
	(No symbol) [0x00007FF76EE793D2]
	(No symbol) [0x00007FF76EE795FC]
	(No symbol) [0x00007FF76EEC3407]
	(No symbol) [0x00007FF76EE9FFEF]
	(No symbol) [0x00007FF76EEC0181]
	(No symbol) [0x00007FF76EE9FD53]
	(No symbol) [0x00007FF76EE6A0E3]
	(No symbol) [0x00007FF76EE6B471]
	GetHandleVerifier [0x00007FF76F35F30D+3366989]
	GetHandleVerifier [0x00007FF76F3712F0+3440688]
	GetHandleVerifier [0x00007FF76F3678FD+3401277]
	GetHandleVerifier [0x00007FF76F0FAAAB+858091]
	(No symbol) [0x00007FF76EF9E74F]
	(No symbol) [0x00007FF76EF9A304]
	(No symbol) [0x00007FF76EF9A49D]
	(No symbol) [0x00007FF76EF88B69]
	BaseThreadInitThunk [0x00007FFDCBD7E8D7+23]
	RtlUserThreadStart [0x00007FFDCCFFFBCC+44]
"
拾汣茶屋(桃園民族店),"Message: 
Stacktrace:
	GetHandleVerifier [0x00007FF76F0302F5+28725]
	(No symbol) [0x00007FF76EF92AE0]
	(No symbol) [0x00007FF76EE2510A]
	(No symbol) [0x00007FF76EE793D2]
	(No symbol) [0x00007FF76EE795FC]
	(No symbol) [0x00007FF76EEC3407]
	(No symbol) [0x00007FF76EE9FFEF]
	(No symbol) [0x00007FF76EEC0181]
	(No symbol) [0x00007FF76EE9FD53]
	(No symbol) [0x00007FF76EE6A0E3]
	(No symbol) [0x00007FF76EE6B471]
	GetHandleVerifier [0x00007FF76F35F30D+3366989]
	GetHandleVerifier [0x00007FF76F3712F0+3440688]
	GetHandleVerifier [0x00007FF76F3678FD+3401277]
	GetHandleVerifier [0x00007FF76F0FAAAB+858091]
	(No symbol) [0x00007FF76EF9E74F]
	(No symbol) [0x00007FF76EF9A304]
	(No symbol) [0x00007FF76EF9A49D]
	(No symbol) [0x00007FF76EF88B69]
	BaseThreadInitThunk [0x00007FFDCBD7E8D7+23]
	RtlUserThreadStart [0x00007FFDCCFFFBCC+44]
"
TEATOP 第一味(桃園復興店),"Message: 
Stacktrace:
	GetHandleVerifier [0x00007FF76F0302F5+28725]
	(No symbol) [0x00007FF76EF92AE0]
	(No symbol) [0x00007FF76EE2510A]
	(No symbol) [0x00007FF76EE793D2]
	(No symbol) [0x00007FF76EE795FC]
	(No symbol) [0x00007FF76EEC3407]
	(No symbol) [0x00007FF76EE9FFEF]
	(No symbol) [0x00007FF76EEC0181]
	(No symbol) [0x00007FF76EE9FD53]
	(No symbol) [0x00007FF76EE6A0E3]
	(No symbol) [0x00007FF76EE6B471]
	GetHandleVerifier [0x00007FF76F35F30D+3366989]
	GetHandleVerifier [0x00007FF76F3712F0+3440688]
	GetHandleVerifier [0x00007FF76F3678FD+3401277]
	GetHandleVerifier [0x00007FF76F0FAAAB+858091]
	(No symbol) [0x00007FF76EF9E74F]
	(No symbol) [0x00007FF76EF9A304]
	(No symbol) [0x00007FF76EF9A49D]
	(No symbol) [0x00007FF76EF88B69]
	BaseThreadInitThunk [0x00007FFDCBD7E8D7+23]
	RtlUserThreadStart [0x00007FFDCCFFFBCC+44]
"
白巷子(南華店),"Message: 
Stacktrace:
	GetHandleVerifier [0x00007FF76F0302F5+28725]
	(No symbol) [0x00007FF76EF92AE0]
	(No symbol) [0x00007FF76EE2510A]
	(No symbol) [0x00007FF76EE793D2]
	(No symbol) [0x00007FF76EE795FC]
	(No symbol) [0x00007FF76EEC3407]
	(No symbol) [0x00007FF76EE9FFEF]
	(No symbol) [0x00007FF76EEC0181]
	(No symbol) [0x00007FF76EE9FD53]
	(No symbol) [0x00007FF76EE6A0E3]
	(No symbol) [0x00007FF76EE6B471]
	GetHandleVerifier [0x00007FF76F35F30D+3366989]
	GetHandleVerifier [0x00007FF76F3712F0+3440688]
	GetHandleVerifier [0x00007FF76F3678FD+3401277]
	GetHandleVerifier [0x00007FF76F0FAAAB+858091]
	(No symbol) [0x00007FF76EF9E74F]
	(No symbol) [0x00007FF76EF9A304]
	(No symbol) [0x00007FF76EF9A49D]
	(No symbol) [0x00007FF76EF88B69]
	BaseThreadInitThunk [0x00007FFDCBD7E8D7+23]
	RtlUserThreadStart [0x00007FFDCCFFFBCC+44]
"
酸奶多 Yogurt Duo,Cannot save file into a non-existent directory: 'csv'
清心福全(桃園中正店),Cannot save file into a non-existent directory: 'csv'
小金旺茶坊(桃園中正店),"Message: 
Stacktrace:
	GetHandleVerifier [0x00007FF76F0302F5+28725]
	(No symbol) [0x00007FF76EF92AE0]
	(No symbol) [0x00007FF76EE2510A]
	(No symbol) [0x00007FF76EE793D2]
	(No symbol) [0x00007FF76EE795FC]
	(No symbol) [0x00007FF76EEC3407]
	(No symbol) [0x00007FF76EE9FFEF]
	(No symbol) [0x00007FF76EEC0181]
	(No symbol) [0x00007FF76EE9FD53]
	(No symbol) [0x00007FF76EE6A0E3]
	(No symbol) [0x00007FF76EE6B471]
	GetHandleVerifier [0x00007FF76F35F30D+3366989]
	GetHandleVerifier [0x00007FF76F3712F0+3440688]
	GetHandleVerifier [0x00007FF76F3678FD+3401277]
	GetHandleVerifier [0x00007FF76F0FAAAB+858091]
	(No symbol) [0x00007FF76EF9E74F]
	(No symbol) [0x00007FF76EF9A304]
	(No symbol) [0x00007FF76EF9A49D]
	(No symbol) [0x00007FF76EF88B69]
	BaseThreadInitThunk [0x00007FFDCBD7E8D7+23]
	RtlUserThreadStart [0x00007FFDCCFFFBCC+44]
"
Pink品渴茶舖,"Message: 
Stacktrace:
	GetHandleVerifier [0x00007FF76F0302F5+28725]
	(No symbol) [0x00007FF76EF92AE0]
	(No symbol) [0x00007FF76EE2510A]
	(No symbol) [0x00007FF76EE793D2]
	(No symbol) [0x00007FF76EE795FC]
	(No symbol) [0x00007FF76EEC3407]
	(No symbol) [0x00007FF76EE9FFEF]
	(No symbol) [0x00007FF76EEC0181]
	(No symbol) [0x00007FF76EE9FD53]
	(No symbol) [0x00007FF76EE6A0E3]
	(No symbol) [0x00007FF76EE6B471]
	GetHandleVerifier [0x00007FF76F35F30D+3366989]
	GetHandleVerifier [0x00007FF76F3712F0+3440688]
	GetHandleVerifier [0x00007FF76F3678FD+3401277]
	GetHandleVerifier [0x00007FF76F0FAAAB+858091]
	(No symbol) [0x00007FF76EF9E74F]
	(No symbol) [0x00007FF76EF9A304]
	(No symbol) [0x00007FF76EF9A49D]
	(No symbol) [0x00007FF76EF88B69]
	BaseThreadInitThunk [0x00007FFDCBD7E8D7+23]
	RtlUserThreadStart [0x00007FFDCCFFFBCC+44]
"
50嵐(桃園中正店),"Message: 
Stacktrace:
	GetHandleVerifier [0x00007FF76F0302F5+28725]
	(No symbol) [0x00007FF76EF92AE0]
	(No symbol) [0x00007FF76EE2510A]
	(No symbol) [0x00007FF76EE793D2]
	(No symbol) [0x00007FF76EE795FC]
	(No symbol) [0x00007FF76EEC3407]
	(No symbol) [0x00007FF76EE9FFEF]
	(No symbol) [0x00007FF76EEC0181]
	(No symbol) [0x00007FF76EE9FD53]
	(No symbol) [0x00007FF76EE6A0E3]
	(No symbol) [0x00007FF76EE6B471]
	GetHandleVerifier [0x00007FF76F35F30D+3366989]
	GetHandleVerifier [0x00007FF76F3712F0+3440688]
	GetHandleVerifier [0x00007FF76F3678FD+3401277]
	GetHandleVerifier [0x00007FF76F0FAAAB+858091]
	(No symbol) [0x00007FF76EF9E74F]
	(No symbol) [0x00007FF76EF9A304]
	(No symbol) [0x00007FF76EF9A49D]
	(No symbol) [0x00007FF76EF88B69]
	BaseThreadInitThunk [0x00007FFDCBD7E8D7+23]
	RtlUserThreadStart [0x00007FFDCCFFFBCC+44]
"
有飲(桃園中正店),"Message: 
Stacktrace:
	GetHandleVerifier [0x00007FF76F0302F5+28725]
	(No symbol) [0x00007FF76EF92AE0]
	(No symbol) [0x00007FF76EE2510A]
	(No symbol) [0x00007FF76EE793D2]
	(No symbol) [0x00007FF76EE795FC]
	(No symbol) [0x00007FF76EEC3407]
	(No symbol) [0x00007FF76EE9FFEF]
	(No symbol) [0x00007FF76EEC0181]
	(No symbol) [0x00007FF76EE9FD53]
	(No symbol) [0x00007FF76EE6A0E3]
	(No symbol) [0x00007FF76EE6B471]
	GetHandleVerifier [0x00007FF76F35F30D+3366989]
	GetHandleVerifier [0x00007FF76F3712F0+3440688]
	GetHandleVerifier [0x00007FF76F3678FD+3401277]
	GetHandleVerifier [0x00007FF76F0FAAAB+858091]
	(No symbol) [0x00007FF76EF9E74F]
	(No symbol) [0x00007FF76EF9A304]
	(No symbol) [0x00007FF76EF9A49D]
	(No symbol) [0x00007FF76EF88B69]
	BaseThreadInitThunk [0x00007FFDCBD7E8D7+23]
	RtlUserThreadStart [0x00007FFDCCFFFBCC+44]
"
山焙(成功民生店),Cannot save file into a non-existent directory: 'csv'
茶湯會(桃園中正店),"Message: 
Stacktrace:
	GetHandleVerifier [0x00007FF76F0302F5+28725]
	(No symbol) [0x00007FF76EF92AE0]
	(No symbol) [0x00007FF76EE2510A]
	(No symbol) [0x00007FF76EE793D2]
	(No symbol) [0x00007FF76EE795FC]
	(No symbol) [0x00007FF76EEC3407]
	(No symbol) [0x00007FF76EE9FFEF]
	(No symbol) [0x00007FF76EEC0181]
	(No symbol) [0x00007FF76EE9FD53]
	(No symbol) [0x00007FF76EE6A0E3]
	(No symbol) [0x00007FF76EE6B471]
	GetHandleVerifier [0x00007FF76F35F30D+3366989]
	GetHandleVerifier [0x00007FF76F3712F0+3440688]
	GetHandleVerifier [0x00007FF76F3678FD+3401277]
	GetHandleVerifier [0x00007FF76F0FAAAB+858091]
	(No symbol) [0x00007FF76EF9E74F]
	(No symbol) [0x00007FF76EF9A304]
	(No symbol) [0x00007FF76EF9A49D]
	(No symbol) [0x00007FF76EF88B69]
	BaseThreadInitThunk [0x00007FFDCBD7E8D7+23]
	RtlUserThreadStart [0x00007FFDCCFFFBCC+44]
"
chillax drink 蕎淶清飲,"Message: 
Stacktrace:
	GetHandleVerifier [0x00007FF76F0302F5+28725]
	(No symbol) [0x00007FF76EF92AE0]
	(No symbol) [0x00007FF76EE2510A]
	(No symbol) [0x00007FF76EE793D2]
	(No symbol) [0x00007FF76EE795FC]
	(No symbol) [0x00007FF76EEC3407]
	(No symbol) [0x00007FF76EE9FFEF]
	(No symbol) [0x00007FF76EEC0181]
	(No symbol) [0x00007FF76EE9FD53]
	(No symbol) [0x00007FF76EE6A0E3]
	(No symbol) [0x00007FF76EE6B471]
	GetHandleVerifier [0x00007FF76F35F30D+3366989]
	GetHandleVerifier [0x00007FF76F3712F0+3440688]
	GetHandleVerifier [0x00007FF76F3678FD+3401277]
	GetHandleVerifier [0x00007FF76F0FAAAB+858091]
	(No symbol) [0x00007FF76EF9E74F]
	(No symbol) [0x00007FF76EF9A304]
	(No symbol) [0x00007FF76EF9A49D]
	(No symbol) [0x00007FF76EF88B69]
	BaseThreadInitThunk [0x00007FFDCBD7E8D7+23]
	RtlUserThreadStart [0x00007FFDCCFFFBCC+44]
"
貓頭鷹茶森林(桃園中正店),"Message: 
Stacktrace:
	GetHandleVerifier [0x00007FF76F0302F5+28725]
	(No symbol) [0x00007FF76EF92AE0]
	(No symbol) [0x00007FF76EE2510A]
	(No symbol) [0x00007FF76EE793D2]
	(No symbol) [0x00007FF76EE795FC]
	(No symbol) [0x00007FF76EEC3407]
	(No symbol) [0x00007FF76EE9FFEF]
	(No symbol) [0x00007FF76EEC0181]
	(No symbol) [0x00007FF76EE9FD53]
	(No symbol) [0x00007FF76EE6A0E3]
	(No symbol) [0x00007FF76EE6B471]
	GetHandleVerifier [0x00007FF76F35F30D+3366989]
	GetHandleVerifier [0x00007FF76F3712F0+3440688]
	GetHandleVerifier [0x00007FF76F3678FD+3401277]
	GetHandleVerifier [0x00007FF76F0FAAAB+858091]
	(No symbol) [0x00007FF76EF9E74F]
	(No symbol) [0x00007FF76EF9A304]
	(No symbol) [0x00007FF76EF9A49D]
	(No symbol) [0x00007FF76EF88B69]
	BaseThreadInitThunk [0x00007FFDCBD7E8D7+23]
	RtlUserThreadStart [0x00007FFDCCFFFBCC+44]
"
YOGU 私廚飲品,Cannot save file into a non-existent directory: 'csv'
YOGU 私廚飲品(桃園上海店),Cannot save file into a non-existent directory: 'csv'
大苑子(桃園桃鶯店),"Message: 
Stacktrace:
	GetHandleVerifier [0x00007FF76F0302F5+28725]
	(No symbol) [0x00007FF76EF92AE0]
	(No symbol) [0x00007FF76EE2510A]
	(No symbol) [0x00007FF76EE793D2]
	(No symbol) [0x00007FF76EE795FC]
	(No symbol) [0x00007FF76EEC3407]
	(No symbol) [0x00007FF76EE9FFEF]
	(No symbol) [0x00007FF76EEC0181]
	(No symbol) [0x00007FF76EE9FD53]
	(No symbol) [0x00007FF76EE6A0E3]
	(No symbol) [0x00007FF76EE6B471]
	GetHandleVerifier [0x00007FF76F35F30D+3366989]
	GetHandleVerifier [0x00007FF76F3712F0+3440688]
	GetHandleVerifier [0x00007FF76F3678FD+3401277]
	GetHandleVerifier [0x00007FF76F0FAAAB+858091]
	(No symbol) [0x00007FF76EF9E74F]
	(No symbol) [0x00007FF76EF9A304]
	(No symbol) [0x00007FF76EF9A49D]
	(No symbol) [0x00007FF76EF88B69]
	BaseThreadInitThunk [0x00007FFDCBD7E8D7+23]
	RtlUserThreadStart [0x00007FFDCCFFFBCC+44]
"
YOGU 私廚飲品(桃園八德店),Cannot save file into a non-existent directory: 'csv'
厚味茶理(八德介壽店),Cannot save file into a non-existent directory: 'csv'
查理國王(桃園廣福店),Cannot save file into a non-existent directory: 'csv'
橘子工坊(桃園龜山店),"Message: 
Stacktrace:
	GetHandleVerifier [0x00007FF76F0302F5+28725]
	(No symbol) [0x00007FF76EF92AE0]
	(No symbol) [0x00007FF76EE2510A]
	(No symbol) [0x00007FF76EE793D2]
	(No symbol) [0x00007FF76EE795FC]
	(No symbol) [0x00007FF76EEC3407]
	(No symbol) [0x00007FF76EE9FFEF]
	(No symbol) [0x00007FF76EEC0181]
	(No symbol) [0x00007FF76EE9FD53]
	(No symbol) [0x00007FF76EE6A0E3]
	(No symbol) [0x00007FF76EE6B471]
	GetHandleVerifier [0x00007FF76F35F30D+3366989]
	GetHandleVerifier [0x00007FF76F3712F0+3440688]
	GetHandleVerifier [0x00007FF76F3678FD+3401277]
	GetHandleVerifier [0x00007FF76F0FAAAB+858091]
	(No symbol) [0x00007FF76EF9E74F]
	(No symbol) [0x00007FF76EF9A304]
	(No symbol) [0x00007FF76EF9A49D]
	(No symbol) [0x00007FF76EF88B69]
	BaseThreadInitThunk [0x00007FFDCBD7E8D7+23]
	RtlUserThreadStart [0x00007FFDCCFFFBCC+44]
"
新井茶(桃園八德店),"Message: 
Stacktrace:
	GetHandleVerifier [0x00007FF76F0302F5+28725]
	(No symbol) [0x00007FF76EF92AE0]
	(No symbol) [0x00007FF76EE2510A]
	(No symbol) [0x00007FF76EE793D2]
	(No symbol) [0x00007FF76EE795FC]
	(No symbol) [0x00007FF76EEC3407]
	(No symbol) [0x00007FF76EE9FFEF]
	(No symbol) [0x00007FF76EEC0181]
	(No symbol) [0x00007FF76EE9FD53]
	(No symbol) [0x00007FF76EE6A0E3]
	(No symbol) [0x00007FF76EE6B471]
	GetHandleVerifier [0x00007FF76F35F30D+3366989]
	GetHandleVerifier [0x00007FF76F3712F0+3440688]
	GetHandleVerifier [0x00007FF76F3678FD+3401277]
	GetHandleVerifier [0x00007FF76F0FAAAB+858091]
	(No symbol) [0x00007FF76EF9E74F]
	(No symbol) [0x00007FF76EF9A304]
	(No symbol) [0x00007FF76EF9A49D]
	(No symbol) [0x00007FF76EF88B69]
	BaseThreadInitThunk [0x00007FFDCBD7E8D7+23]
	RtlUserThreadStart [0x00007FFDCCFFFBCC+44]
"
CoCo都可(龜山大同店),Cannot save file into a non-existent directory: 'csv'
龜記茗品(龜山中興店),"Message: 
Stacktrace:
	GetHandleVerifier [0x00007FF76F0302F5+28725]
	(No symbol) [0x00007FF76EF92AE0]
	(No symbol) [0x00007FF76EE2510A]
	(No symbol) [0x00007FF76EE793D2]
	(No symbol) [0x00007FF76EE795FC]
	(No symbol) [0x00007FF76EEC3407]
	(No symbol) [0x00007FF76EE9FFEF]
	(No symbol) [0x00007FF76EEC0181]
	(No symbol) [0x00007FF76EE9FD53]
	(No symbol) [0x00007FF76EE6A0E3]
	(No symbol) [0x00007FF76EE6B471]
	GetHandleVerifier [0x00007FF76F35F30D+3366989]
	GetHandleVerifier [0x00007FF76F3712F0+3440688]
	GetHandleVerifier [0x00007FF76F3678FD+3401277]
	GetHandleVerifier [0x00007FF76F0FAAAB+858091]
	(No symbol) [0x00007FF76EF9E74F]
	(No symbol) [0x00007FF76EF9A304]
	(No symbol) [0x00007FF76EF9A49D]
	(No symbol) [0x00007FF76EF88B69]
	BaseThreadInitThunk [0x00007FFDCBD7E8D7+23]
	RtlUserThreadStart [0x00007FFDCCFFFBCC+44]
"
STARBUCKS 星巴克(龜山萬壽門市),"Message: 
Stacktrace:
	GetHandleVerifier [0x00007FF76F0302F5+28725]
	(No symbol) [0x00007FF76EF92AE0]
	(No symbol) [0x00007FF76EE2510A]
	(No symbol) [0x00007FF76EE793D2]
	(No symbol) [0x00007FF76EE795FC]
	(No symbol) [0x00007FF76EEC3407]
	(No symbol) [0x00007FF76EE9FFEF]
	(No symbol) [0x00007FF76EEC0181]
	(No symbol) [0x00007FF76EE9FD53]
	(No symbol) [0x00007FF76EE6A0E3]
	(No symbol) [0x00007FF76EE6B471]
	GetHandleVerifier [0x00007FF76F35F30D+3366989]
	GetHandleVerifier [0x00007FF76F3712F0+3440688]
	GetHandleVerifier [0x00007FF76F3678FD+3401277]
	GetHandleVerifier [0x00007FF76F0FAAAB+858091]
	(No symbol) [0x00007FF76EF9E74F]
	(No symbol) [0x00007FF76EF9A304]
	(No symbol) [0x00007FF76EF9A49D]
	(No symbol) [0x00007FF76EF88B69]
	BaseThreadInitThunk [0x00007FFDCBD7E8D7+23]
	RtlUserThreadStart [0x00007FFDCCFFFBCC+44]
"
泰式奶茶老撾咖啡,"Message: 
Stacktrace:
	GetHandleVerifier [0x00007FF76F0302F5+28725]
	(No symbol) [0x00007FF76EF92AE0]
	(No symbol) [0x00007FF76EE2510A]
	(No symbol) [0x00007FF76EE793D2]
	(No symbol) [0x00007FF76EE795FC]
	(No symbol) [0x00007FF76EEC3407]
	(No symbol) [0x00007FF76EE9FFEF]
	(No symbol) [0x00007FF76EEC0181]
	(No symbol) [0x00007FF76EE9FD53]
	(No symbol) [0x00007FF76EE6A0E3]
	(No symbol) [0x00007FF76EE6B471]
	GetHandleVerifier [0x00007FF76F35F30D+3366989]
	GetHandleVerifier [0x00007FF76F3712F0+3440688]
	GetHandleVerifier [0x00007FF76F3678FD+3401277]
	GetHandleVerifier [0x00007FF76F0FAAAB+858091]
	(No symbol) [0x00007FF76EF9E74F]
	(No symbol) [0x00007FF76EF9A304]
	(No symbol) [0x00007FF76EF9A49D]
	(No symbol) [0x00007FF76EF88B69]
	BaseThreadInitThunk [0x00007FFDCBD7E8D7+23]
	RtlUserThreadStart [0x00007FFDCCFFFBCC+44]
"
真奶,"Message: 
Stacktrace:
	GetHandleVerifier [0x00007FF76F0302F5+28725]
	(No symbol) [0x00007FF76EF92AE0]
	(No symbol) [0x00007FF76EE2510A]
	(No symbol) [0x00007FF76EE793D2]
	(No symbol) [0x00007FF76EE795FC]
	(No symbol) [0x00007FF76EEC3407]
	(No symbol) [0x00007FF76EE9FFEF]
	(No symbol) [0x00007FF76EEC0181]
	(No symbol) [0x00007FF76EE9FD53]
	(No symbol) [0x00007FF76EE6A0E3]
	(No symbol) [0x00007FF76EE6B471]
	GetHandleVerifier [0x00007FF76F35F30D+3366989]
	GetHandleVerifier [0x00007FF76F3712F0+3440688]
	GetHandleVerifier [0x00007FF76F3678FD+3401277]
	GetHandleVerifier [0x00007FF76F0FAAAB+858091]
	(No symbol) [0x00007FF76EF9E74F]
	(No symbol) [0x00007FF76EF9A304]
	(No symbol) [0x00007FF76EF9A49D]
	(No symbol) [0x00007FF76EF88B69]
	BaseThreadInitThunk [0x00007FFDCBD7E8D7+23]
	RtlUserThreadStart [0x00007FFDCCFFFBCC+44]
"
大沏茶(平鎮和平店),Cannot save file into a non-existent directory: 'csv'
鶴茶樓(中壢中原店),Cannot save file into a non-existent directory: 'csv'
茶可斯TeaCos(龍潭東龍店),"Message: 
Stacktrace:
	GetHandleVerifier [0x00007FF76F0302F5+28725]
	(No symbol) [0x00007FF76EF92AE0]
	(No symbol) [0x00007FF76EE2510A]
	(No symbol) [0x00007FF76EE793D2]
	(No symbol) [0x00007FF76EE795FC]
	(No symbol) [0x00007FF76EEC3407]
	(No symbol) [0x00007FF76EE9FFEF]
	(No symbol) [0x00007FF76EEC0181]
	(No symbol) [0x00007FF76EE9FD53]
	(No symbol) [0x00007FF76EE6A0E3]
	(No symbol) [0x00007FF76EE6B471]
	GetHandleVerifier [0x00007FF76F35F30D+3366989]
	GetHandleVerifier [0x00007FF76F3712F0+3440688]
	GetHandleVerifier [0x00007FF76F3678FD+3401277]
	GetHandleVerifier [0x00007FF76F0FAAAB+858091]
	(No symbol) [0x00007FF76EF9E74F]
	(No symbol) [0x00007FF76EF9A304]
	(No symbol) [0x00007FF76EF9A49D]
	(No symbol) [0x00007FF76EF88B69]
	BaseThreadInitThunk [0x00007FFDCBD7E8D7+23]
	RtlUserThreadStart [0x00007FFDCCFFFBCC+44]
"
龜記茗品(龍潭東龍店),"Message: 
Stacktrace:
	GetHandleVerifier [0x00007FF76F0302F5+28725]
	(No symbol) [0x00007FF76EF92AE0]
	(No symbol) [0x00007FF76EE2510A]
	(No symbol) [0x00007FF76EE793D2]
	(No symbol) [0x00007FF76EE795FC]
	(No symbol) [0x00007FF76EEC3407]
	(No symbol) [0x00007FF76EE9FFEF]
	(No symbol) [0x00007FF76EEC0181]
	(No symbol) [0x00007FF76EE9FD53]
	(No symbol) [0x00007FF76EE6A0E3]
	(No symbol) [0x00007FF76EE6B471]
	GetHandleVerifier [0x00007FF76F35F30D+3366989]
	GetHandleVerifier [0x00007FF76F3712F0+3440688]
	GetHandleVerifier [0x00007FF76F3678FD+3401277]
	GetHandleVerifier [0x00007FF76F0FAAAB+858091]
	(No symbol) [0x00007FF76EF9E74F]
	(No symbol) [0x00007FF76EF9A304]
	(No symbol) [0x00007FF76EF9A49D]
	(No symbol) [0x00007FF76EF88B69]
	BaseThreadInitThunk [0x00007FFDCBD7E8D7+23]
	RtlUserThreadStart [0x00007FFDCCFFFBCC+44]
"
吳家紅茶冰(平鎮自由夜店),"Message: 
Stacktrace:
	GetHandleVerifier [0x00007FF76F0302F5+28725]
	(No symbol) [0x00007FF76EF92AE0]
	(No symbol) [0x00007FF76EE2510A]
	(No symbol) [0x00007FF76EE793D2]
	(No symbol) [0x00007FF76EE795FC]
	(No symbol) [0x00007FF76EEC3407]
	(No symbol) [0x00007FF76EE9FFEF]
	(No symbol) [0x00007FF76EEC0181]
	(No symbol) [0x00007FF76EE9FD53]
	(No symbol) [0x00007FF76EE6A0E3]
	(No symbol) [0x00007FF76EE6B471]
	GetHandleVerifier [0x00007FF76F35F30D+3366989]
	GetHandleVerifier [0x00007FF76F3712F0+3440688]
	GetHandleVerifier [0x00007FF76F3678FD+3401277]
	GetHandleVerifier [0x00007FF76F0FAAAB+858091]
	(No symbol) [0x00007FF76EF9E74F]
	(No symbol) [0x00007FF76EF9A304]
	(No symbol) [0x00007FF76EF9A49D]
	(No symbol) [0x00007FF76EF88B69]
	BaseThreadInitThunk [0x00007FFDCBD7E8D7+23]
	RtlUserThreadStart [0x00007FFDCCFFFBCC+44]
"
清心福全(信義世貿店),Cannot save file into a non-existent directory: 'csv'
珍煮丹(台北北醫店),Cannot save file into a non-existent directory: 'csv'
樂法(台北市府店),Cannot save file into a non-existent directory: 'csv'
STARBUCKS 星巴克(信義經貿門市),Cannot save file into a non-existent directory: 'csv'
50嵐(世貿店),Cannot save file into a non-existent directory: 'csv'
85度C(台北莊敬店),Cannot save file into a non-existent directory: 'csv'
迷客夏 Milksha(台北北醫店),Cannot save file into a non-existent directory: 'csv'
春陽茶事(台北北醫店),"Message: 
Stacktrace:
	GetHandleVerifier [0x00007FF7BE4502F5+28725]
	(No symbol) [0x00007FF7BE3B2AE0]
	(No symbol) [0x00007FF7BE24510A]
	(No symbol) [0x00007FF7BE2993D2]
	(No symbol) [0x00007FF7BE2995FC]
	(No symbol) [0x00007FF7BE2E3407]
	(No symbol) [0x00007FF7BE2BFFEF]
	(No symbol) [0x00007FF7BE2E0181]
	(No symbol) [0x00007FF7BE2BFD53]
	(No symbol) [0x00007FF7BE28A0E3]
	(No symbol) [0x00007FF7BE28B471]
	GetHandleVerifier [0x00007FF7BE77F30D+3366989]
	GetHandleVerifier [0x00007FF7BE7912F0+3440688]
	GetHandleVerifier [0x00007FF7BE7878FD+3401277]
	GetHandleVerifier [0x00007FF7BE51AAAB+858091]
	(No symbol) [0x00007FF7BE3BE74F]
	(No symbol) [0x00007FF7BE3BA304]
	(No symbol) [0x00007FF7BE3BA49D]
	(No symbol) [0x00007FF7BE3A8B69]
	BaseThreadInitThunk [0x00007FFDCBD7E8D7+23]
	RtlUserThreadStart [0x00007FFDCCFFFBCC+44]
"
烏弄(信義吳興店),"Message: 
Stacktrace:
	GetHandleVerifier [0x00007FF7BE4502F5+28725]
	(No symbol) [0x00007FF7BE3B2AE0]
	(No symbol) [0x00007FF7BE24510A]
	(No symbol) [0x00007FF7BE2993D2]
	(No symbol) [0x00007FF7BE2995FC]
	(No symbol) [0x00007FF7BE2E3407]
	(No symbol) [0x00007FF7BE2BFFEF]
	(No symbol) [0x00007FF7BE2E0181]
	(No symbol) [0x00007FF7BE2BFD53]
	(No symbol) [0x00007FF7BE28A0E3]
	(No symbol) [0x00007FF7BE28B471]
	GetHandleVerifier [0x00007FF7BE77F30D+3366989]
	GetHandleVerifier [0x00007FF7BE7912F0+3440688]
	GetHandleVerifier [0x00007FF7BE7878FD+3401277]
	GetHandleVerifier [0x00007FF7BE51AAAB+858091]
	(No symbol) [0x00007FF7BE3BE74F]
	(No symbol) [0x00007FF7BE3BA304]
	(No symbol) [0x00007FF7BE3BA49D]
	(No symbol) [0x00007FF7BE3A8B69]
	BaseThreadInitThunk [0x00007FFDCBD7E8D7+23]
	RtlUserThreadStart [0x00007FFDCCFFFBCC+44]
"
Mr.Wish 鮮果茶玩家(台北北醫店),"Message: 
Stacktrace:
	GetHandleVerifier [0x00007FF7BE4502F5+28725]
	(No symbol) [0x00007FF7BE3B2AE0]
	(No symbol) [0x00007FF7BE24510A]
	(No symbol) [0x00007FF7BE2993D2]
	(No symbol) [0x00007FF7BE2995FC]
	(No symbol) [0x00007FF7BE2E3407]
	(No symbol) [0x00007FF7BE2BFFEF]
	(No symbol) [0x00007FF7BE2E0181]
	(No symbol) [0x00007FF7BE2BFD53]
	(No symbol) [0x00007FF7BE28A0E3]
	(No symbol) [0x00007FF7BE28B471]
	GetHandleVerifier [0x00007FF7BE77F30D+3366989]
	GetHandleVerifier [0x00007FF7BE7912F0+3440688]
	GetHandleVerifier [0x00007FF7BE7878FD+3401277]
	GetHandleVerifier [0x00007FF7BE51AAAB+858091]
	(No symbol) [0x00007FF7BE3BE74F]
	(No symbol) [0x00007FF7BE3BA304]
	(No symbol) [0x00007FF7BE3BA49D]
	(No symbol) [0x00007FF7BE3A8B69]
	BaseThreadInitThunk [0x00007FFDCBD7E8D7+23]
	RtlUserThreadStart [0x00007FFDCCFFFBCC+44]
"
因果茶(微風南山店),"Message: 
Stacktrace:
	GetHandleVerifier [0x00007FF7BE4502F5+28725]
	(No symbol) [0x00007FF7BE3B2AE0]
	(No symbol) [0x00007FF7BE24510A]
	(No symbol) [0x00007FF7BE2993D2]
	(No symbol) [0x00007FF7BE2995FC]
	(No symbol) [0x00007FF7BE2E3407]
	(No symbol) [0x00007FF7BE2BFFEF]
	(No symbol) [0x00007FF7BE2E0181]
	(No symbol) [0x00007FF7BE2BFD53]
	(No symbol) [0x00007FF7BE28A0E3]
	(No symbol) [0x00007FF7BE28B471]
	GetHandleVerifier [0x00007FF7BE77F30D+3366989]
	GetHandleVerifier [0x00007FF7BE7912F0+3440688]
	GetHandleVerifier [0x00007FF7BE7878FD+3401277]
	GetHandleVerifier [0x00007FF7BE51AAAB+858091]
	(No symbol) [0x00007FF7BE3BE74F]
	(No symbol) [0x00007FF7BE3BA304]
	(No symbol) [0x00007FF7BE3BA49D]
	(No symbol) [0x00007FF7BE3A8B69]
	BaseThreadInitThunk [0x00007FFDCBD7E8D7+23]
	RtlUserThreadStart [0x00007FFDCCFFFBCC+44]
"
山焙(忠孝敦化店),"Message: 
Stacktrace:
	GetHandleVerifier [0x00007FF7BE4502F5+28725]
	(No symbol) [0x00007FF7BE3B2AE0]
	(No symbol) [0x00007FF7BE24510A]
	(No symbol) [0x00007FF7BE2993D2]
	(No symbol) [0x00007FF7BE2995FC]
	(No symbol) [0x00007FF7BE2E3407]
	(No symbol) [0x00007FF7BE2BFFEF]
	(No symbol) [0x00007FF7BE2E0181]
	(No symbol) [0x00007FF7BE2BFD53]
	(No symbol) [0x00007FF7BE28A0E3]
	(No symbol) [0x00007FF7BE28B471]
	GetHandleVerifier [0x00007FF7BE77F30D+3366989]
	GetHandleVerifier [0x00007FF7BE7912F0+3440688]
	GetHandleVerifier [0x00007FF7BE7878FD+3401277]
	GetHandleVerifier [0x00007FF7BE51AAAB+858091]
	(No symbol) [0x00007FF7BE3BE74F]
	(No symbol) [0x00007FF7BE3BA304]
	(No symbol) [0x00007FF7BE3BA49D]
	(No symbol) [0x00007FF7BE3A8B69]
	BaseThreadInitThunk [0x00007FFDCBD7E8D7+23]
	RtlUserThreadStart [0x00007FFDCCFFFBCC+44]
"
彩虹殿-黑白木耳養生概念飲,Cannot save file into a non-existent directory: 'csv'
